area_id,city,state,city_surve,category,grade,label,residentia,commercial,industrial,fill,Shape_Leng,Shape_Area,temp2021_mean,temp2021_std,temp2017_mean,temp2017_std,temp2013_mean,temp2013_std,tree2021_mean,tree2021_std,imperv2021_mean,imperv2021_std
2736,Bronx,NY,-1,Best,A,A1,-1,0,0,#76a865,0.087102267,0.000198179,32.89656863,2.155427647,33.8303717,2.509680696,34.23438166,2.315915192,51.62591912,28.66475131,28.59558824,23.3940442
2738,Bronx,NY,-1,Best,A,A2,-1,0,0,#76a865,0.034844711,6.79E-05,33.35321611,0.428962361,34.11287105,0.889467878,34.75246804,1.009014017,60.9383378,23.67516893,18.65951743,19.11709079
2737,Bronx,NY,-1,Still Desirable,B,B1,-1,0,0,#7cb5bd,0.055927355,0.000127311,36.85860924,1.564917122,37.54050423,1.474569377,38.00535495,1.542263153,29.42257598,24.6036779,48.15195369,22.10313429
2764,Bronx,NY,-1,Still Desirable,B,B10,-1,0,0,#7cb5bd,0.023690913,3.35E-05,38.79726746,1.44924048,39.86027168,1.28346651,40.5806194,1.209124575,11.73655914,12.05812344,64.07526882,12.60119175
2775,Bronx,NY,-1,Still Desirable,B,B11,-1,0,0,#7cb5bd,0.017587305,1.64E-05,,,,,,,20.77777778,15.94558649,54.53333333,18.43619628
2739,Bronx,NY,-1,Still Desirable,B,B2,-1,0,0,#7cb5bd,0.048262702,0.000118798,36.81213027,1.259744201,37.81678401,0.759870684,38.58657094,0.68366791,18.8696319,21.84903301,60.05674847,22.74272284
2774,Bronx,NY,-1,Still Desirable,B,B3,-1,0,0,#7cb5bd,0.03841136,6.94E-05,36.46446881,3.570302549,37.43974385,2.767347685,38.68732115,1.778265396,11.18469657,15.8318232,65.45118734,16.85964464
2741,Bronx,NY,-1,Still Desirable,B,B4,-1,0,0,#7cb5bd,0.010863802,6.10E-06,,,,,,,11.12121212,13.20183086,65.15151515,14.9951936
2745,Bronx,NY,-1,Still Desirable,B,B5,-1,0,0,#7cb5bd,0.188507772,0.000373625,38.34893717,1.076293287,39.24863599,1.369289851,39.68272453,1.300931831,4.790811339,13.1587136,77.53519062,16.5199155
2742,Bronx,NY,-1,Still Desirable,B,B6,-1,0,0,#7cb5bd,0.02016947,2.42E-05,38.54433398,0,39.43814621,0,40.36784765,0,5.590909091,13.3631983,72.52272727,17.04560101
2743,Bronx,NY,-1,Still Desirable,B,B7,-1,0,0,#7cb5bd,0.019220905,1.44E-05,,,,,,,2.9625,6.251887215,77.2625,10.99743578
2744,Bronx,NY,-1,Still Desirable,B,B8,-1,0,0,#7cb5bd,0.050125491,5.57E-05,38.20708934,0.91813168,39.43700687,0.797751191,40.87542362,1.367456496,2.957792208,9.560207589,78.49675325,13.6753875
2747,Bronx,NY,-1,Still Desirable,B,B9,-1,0,0,#7cb5bd,0.045449124,5.41E-05,37.23266881,0.074341935,38.68276379,0.36231012,39.3501322,0.146120355,5.087837838,10.79691463,75.33445946,13.49047318
2740,Bronx,NY,-1,Definitely Declining,C,C1,-1,0,0,#ffff00,0.108056976,0.000193356,37.30064079,2.620690415,38.23717827,2.685137891,39.10566608,1.826751008,9.802631579,16.3415309,70.76033835,16.79167709
2761,Bronx,NY,-1,Definitely Declining,C,C10,-1,0,0,#ffff00,0.070065084,0.000224617,38.63965876,1.161767567,41.71378797,2.536161513,41.06018659,1.236464882,3.099918765,7.224872981,76.07636068,11.87700377
2760,Bronx,NY,-1,Definitely Declining,C,C11,-1,0,0,#ffff00,0.059070741,0.000117398,38.97649988,1.523385775,42.66197995,2.183383504,41.86622217,0.593602273,1.669242658,6.295065403,79.9675425,10.10855441
2767,Bronx,NY,-1,Definitely Declining,C,C12,-1,0,0,#ffff00,0.182548365,0.000684429,37.84586159,2.02980052,38.92139855,2.607474348,38.39513741,2.77053332,7.914438503,12.28107344,63.20748663,22.03135218
2766,Bronx,NY,-1,Definitely Declining,C,C13,-1,0,0,#ffff00,0.051428509,0.000133978,37.3983207,1.627382374,39.0411676,2.503390528,38.12782383,3.457181708,12.34336525,16.01319631,62.83994528,18.09740606
2765,Bronx,NY,-1,Definitely Declining,C,C14,-1,0,0,#ffff00,0.059811872,0.000162646,39.25490236,0.739236234,41.4169899,0.479832229,40.77250324,0.789645139,3.913773796,8.779389012,75.84658455,11.14588099
2762,Bronx,NY,-1,Definitely Declining,C,C15,-1,0,0,#ffff00,0.140216021,0.000294146,39.56421856,1.004194747,41.68654606,1.242794165,42.31914268,1.795370508,4.864628821,9.534768254,74.68995633,14.87764421
2763,Bronx,NY,-1,Definitely Declining,C,C16,-1,0,0,#ffff00,0.060572883,0.000140274,38.17262431,2.187797758,40.15051855,1.007484426,41.23944275,0.903982289,3.385416667,8.81256772,77.72005208,10.24191826
2772,Bronx,NY,-1,Definitely Declining,C,C17,-1,0,0,#ffff00,0.074502352,0.00014307,39.91467517,1.286187731,40.41313642,1.448924289,41.31378469,0.785399186,8.070332481,16.21211427,73.70076726,16.19304813
2768,Bronx,NY,-1,Definitely Declining,C,C18,-1,0,0,#ffff00,0.094088443,0.000337661,38.12334785,2.436077364,39.16128659,2.719411811,39.9897007,1.987141358,7.598161168,15.65453908,71.6744186,16.28534763
2769,Bronx,NY,-1,Definitely Declining,C,C19,-1,0,0,#ffff00,0.085880584,0.000352142,39.27683466,1.227601463,40.51197416,1.847847475,41.5262716,1.150817755,7.644478844,11.77826718,68.92156863,11.51725225
2748,Bronx,NY,-1,Definitely Declining,C,C2,-1,0,0,#ffff00,0.092225517,0.00019508,38.23453708,1.153379089,39.26864349,1.24272898,39.24269761,1.311439224,7.566197183,16.5363615,73.47699531,15.97738091
2770,Bronx,NY,-1,Definitely Declining,C,C20,-1,0,0,#ffff00,0.012644867,8.59E-06,,,,,,,9.6,8.897190568,72.2,12.3790145
2776,Bronx,NY,-1,Definitely Declining,C,C21,-1,0,0,#ffff00,0.135152767,0.000320767,39.3751139,2.543684211,41.19691856,3.252343145,41.70519824,2.488571192,8.458333333,14.89224919,71.42465753,18.07253357
2773,Bronx,NY,-1,Definitely Declining,C,C22,-1,0,0,#ffff00,0.11110186,0.000279738,40.36074869,1.017085261,41.04356391,1.054756152,41.1342729,1.383577242,10.70130719,15.43920181,67.39019608,16.15197539
2777,Bronx,NY,-1,Definitely Declining,C,C23,-1,0,0,#ffff00,0.056052847,9.96E-05,32.31499253,3.564858448,33.99694321,3.809628429,34.05989174,2.729237781,13.84473198,13.86007161,63.28465804,18.11894173
2778,Bronx,NY,-1,Definitely Declining,C,C3,-1,0,0,#ffff00,0.109978875,0.00022383,39.86539871,0.985497076,40.96514665,0.851468533,41.05843011,0.696076528,2.004101723,6.836960997,81.12961444,11.03360223
5498,Bronx,NY,-1,Definitely Declining,C,C4,-1,0,0,#ffff00,0.06189436,9.05E-05,40.07970856,1.082779752,41.05179345,1.039703817,41.11400142,0.82377941,3.466135458,10.5151119,79.34262948,11.27429362
2749,Bronx,NY,-1,Definitely Declining,C,C5,-1,0,0,#ffff00,0.064162446,0.000105332,40.5647256,2.143248829,41.40760933,2.710916023,41.38197418,1.280177218,2.591623037,8.509356291,79.61780105,11.44844262
2755,Bronx,NY,-1,Definitely Declining,C,C6,-1,0,0,#ffff00,0.032075997,3.99E-05,40.91729437,1.526265776,40.65837935,1.776456913,42.7006463,1.183229343,0.322580645,2.16318096,83.83410138,5.592962847
2757,Bronx,NY,-1,Definitely Declining,C,C7,-1,0,0,#ffff00,0.063327152,8.72E-05,36.26451464,0.315162945,39.58512107,2.427406719,39.49967057,0.282881167,7.194154489,11.34696152,70.72025052,18.22410443
2758,Bronx,NY,-1,Definitely Declining,C,C8,-1,0,0,#ffff00,0.036611657,7.36E-05,38.49511449,1.531810136,43.21915993,3.426785143,40.803987,1.177588699,6.89276808,11.37464357,73.49376559,12.62505864
2759,Bronx,NY,-1,Definitely Declining,C,C9,-1,0,0,#ffff00,0.076764994,0.000239758,38.37545272,1.02641843,39.66404626,2.562004082,40.65154331,1.173486236,2.841945289,7.808747561,78.30547112,11.13133808
2771,Bronx,NY,-1,Hazardous,D,D1,-1,0,0,#d9838d,0.092436792,0.000282384,40.08319067,0.526872486,41.18966783,0.349982067,41.83620768,0.402088968,3.416504224,7.731021567,72.32813515,9.586421377
2750,Bronx,NY,-1,Hazardous,D,D2,-1,0,0,#d9838d,0.056085989,0.000167087,39.52573297,0.664758621,40.82757134,0.813073519,41.794871,0.585101357,1.452069717,5.725320349,82.17102397,7.950428472
2751,Bronx,NY,-1,Hazardous,D,D3,-1,0,0,#d9838d,0.082389282,0.000112604,38.98739482,1.063040196,40.46782474,0.673043528,41.15655577,0.694073231,5.435980551,11.64477758,75.65153971,15.4804253
2752,Bronx,NY,-1,Hazardous,D,D4,-1,0,0,#d9838d,0.08525773,0.000228863,39.80700754,1.552710567,41.12792985,1.786716914,41.8632314,1.372346026,4.089243028,9.302358215,77.76334661,10.70520274
2753,Bronx,NY,-1,Hazardous,D,D5,-1,0,0,#d9838d,0.081780245,0.000245934,39.51016877,1.365681224,40.5569374,1.372897481,41.51202985,0.994457286,2.435040831,7.394146146,80.71046771,9.024222226
2754,Bronx,NY,-1,Hazardous,D,D6,-1,0,0,#d9838d,0.140406958,0.000401921,39.88761584,1.036104608,41.03758968,1.33555373,41.18181114,1.025047806,4.398455248,9.646348878,78.60972285,10.82372392
2756,Bronx,NY,-1,Hazardous,D,D7,-1,0,0,#d9838d,0.139642729,0.000304246,36.909113,3.58330767,39.21205424,4.851913358,38.54734988,3.999437496,16.96218487,24.92108334,56.7334934,28.98217019
2695,Brooklyn,NY,-1,Best,A,A1,-1,0,0,#76a865,0.05950174,9.03E-05,36.91188763,0.885716687,38.79145683,1.718904077,38.30507258,0.484466205,10.07317073,14.03330576,67.71544715,12.96212138
2699,Brooklyn,NY,-1,Still Desirable,B,B1,-1,0,0,#7cb5bd,0.03105698,4.69E-05,35.65041038,1.417909431,36.553907,1.999898239,35.73984857,2.736897567,3.244186047,8.323315594,79.21705426,9.188348908
2684,Brooklyn,NY,-1,Still Desirable,B,B10,-1,0,0,#7cb5bd,0.085221951,0.000255212,38.3448681,0.979041447,40.3356206,1.203601219,39.91373928,0.897245231,0.391862955,2.362547899,80.46324054,6.785820801
2686,Brooklyn,NY,-1,Still Desirable,B,B11,-1,0,0,#7cb5bd,0.029499395,4.67E-05,38.34437981,1.33986384,39.77396668,1.284321015,38.75368771,0.399053835,5.956862745,8.247287252,67.97647059,8.573524871
2682,Brooklyn,NY,-1,Still Desirable,B,B12,-1,0,0,#7cb5bd,0.019880581,2.23E-05,39.30655244,0,40.98992729,0,40.57463786,0,6.786885246,8.768637769,61.59836066,12.2926473
2703,Brooklyn,NY,-1,Still Desirable,B,B13,-1,0,0,#7cb5bd,0.09516454,0.000355282,39.35692326,0.756873507,41.12323007,0.933737853,40.47416606,0.694397002,5.304482226,8.130347517,70.13601236,9.826734207
2706,Brooklyn,NY,-1,Still Desirable,B,B14,-1,0,0,#7cb5bd,0.08020797,0.000199472,39.80934318,0.804909529,41.35753534,0.615695586,40.48576934,0.575755805,3.151956324,7.426903318,73.50409463,8.942986515
2705,Brooklyn,NY,-1,Still Desirable,B,B15,-1,0,0,#7cb5bd,0.064111837,8.97E-05,39.26154851,1.071368299,41.05543934,0.727313554,40.38835577,0.780062758,1.324543611,5.151669814,75.71399594,8.202393336
2704,Brooklyn,NY,-1,Still Desirable,B,B16,-1,0,0,#7cb5bd,0.099390148,0.000288903,38.99106919,1.189401681,40.90413499,1.200051229,40.03595791,1.088358648,2.551702396,6.106054115,74.39974779,9.079950333
2675,Brooklyn,NY,-1,Still Desirable,B,B17,-1,0,0,#7cb5bd,0.043631199,7.42E-05,37.50753458,1.077905663,39.10773761,0.647263456,36.31008824,1.364953333,3.054054054,5.991150479,69.69041769,7.518853066
2729,Brooklyn,NY,-1,Still Desirable,B,B2,-1,0,0,#7cb5bd,0.023483902,3.00E-05,38.52809839,1.229632695,39.56375845,1.227923685,37.30701074,1.08863937,14.38787879,22.1078864,58.07272727,22.88563494
2701,Brooklyn,NY,-1,Still Desirable,B,B3,-1,0,0,#7cb5bd,0.066705737,8.75E-05,34.6512092,1.240418719,36.1266545,1.109730905,37.47620273,0.667005972,3.171548117,10.96303537,78.0334728,12.05543892
2716,Brooklyn,NY,-1,Still Desirable,B,B4,-1,0,0,#7cb5bd,0.084154851,0.000187459,37.09794185,0.969623441,38.59418011,0.741861219,39.14305715,0.835898767,1.478983382,4.965895235,80.43639922,8.345485553
2713,Brooklyn,NY,-1,Still Desirable,B,B5,-1,0,0,#7cb5bd,0.075444266,0.000187859,37.69476612,1.553401293,39.85780311,2.188853785,38.62351811,1.897703392,1.395145631,5.984622343,80.02718447,8.498043112
2710,Brooklyn,NY,-1,Still Desirable,B,B6,-1,0,0,#7cb5bd,0.117665519,0.000372819,39.62991512,0.632007756,41.40476698,0.655417875,40.66926305,0.786654637,1.531465093,5.454761041,76.56440511,9.37947043
2709,Brooklyn,NY,-1,Still Desirable,B,B7,-1,0,0,#7cb5bd,0.076765612,0.000285422,37.61042575,0.730016338,39.09318911,1.01832175,38.56576234,1.052594275,9.362820513,12.33768055,68.48653846,15.54228552
2694,Brooklyn,NY,-1,Still Desirable,B,B8,-1,0,0,#7cb5bd,0.075329788,0.000134937,36.58888474,0.362083363,38.60654194,0.303048677,37.93900264,0.276636726,3.97834912,9.80649405,75.87550744,12.05785258
2693,Brooklyn,NY,-1,Still Desirable,B,B9,-1,0,0,#7cb5bd,0.125306984,0.000455635,37.03877755,1.322619325,38.85480413,1.448786317,38.44765284,0.933961746,2.942685371,9.321185042,76.6757515,13.89431456
2728,Brooklyn,NY,-1,Definitely Declining,C,C1,-1,0,0,#ffff00,0.054153763,5.53E-05,38.76735979,1.108292985,39.57401251,1.267230915,39.05618248,1.330464285,2.658940397,9.580932855,81.2781457,14.07367508
2690,Brooklyn,NY,-1,Definitely Declining,C,C10,-1,0,0,#ffff00,0.067338829,0.000228497,36.44866047,1.128056887,38.18515705,1.159991263,38.49519994,1.124588126,1.150159744,5.568895386,80.72523962,10.33262623
2688,Brooklyn,NY,-1,Definitely Declining,C,C11,-1,0,0,#ffff00,0.084134003,0.000277721,40.02191554,0.844315648,41.77948991,0.971579826,40.63203211,0.817662155,1.685452163,5.331907529,79.73853211,7.298210445
2702,Brooklyn,NY,-1,Definitely Declining,C,C12,-1,0,0,#ffff00,0.12483562,0.000385836,38.20287378,1.524455945,39.7359412,1.705854209,38.8387964,1.87870165,3.203206035,8.31758299,78.09429514,10.36643891
2711,Brooklyn,NY,-1,Definitely Declining,C,C13,-1,0,0,#ffff00,0.096651548,0.000171837,38.21216458,1.195776706,40.03567825,1.06654007,39.73038692,1.864247285,1.116328709,4.549305384,77.95731057,10.15915464
2714,Brooklyn,NY,-1,Definitely Declining,C,C14,-1,0,0,#ffff00,0.076741507,0.000115814,38.68994163,0.903386242,40.03629971,1.194655445,39.97682616,0.968293395,0.833855799,3.602591525,79.90125392,8.021208076
2715,Brooklyn,NY,-1,Definitely Declining,C,C15,-1,0,0,#ffff00,0.071563916,0.000215536,38.58791374,0.840280176,40.4616723,0.69084283,40.32153348,0.590434858,0.456006768,2.620563668,81.06683587,5.999839251
2732,Brooklyn,NY,-1,Definitely Declining,C,C16,-1,0,0,#ffff00,0.041496513,7.19E-05,37.96839761,1.018175607,40.53575788,0.424281094,40.49730516,0.696614336,0.842639594,3.760009874,80.10659898,6.127147472
2680,Brooklyn,NY,-1,Definitely Declining,C,C17,-1,0,0,#ffff00,0.113748966,0.000314023,38.2108634,0.775117495,40.36934303,0.793038159,39.84894949,0.734275872,0.632378726,4.276651999,81.19111631,7.53602317
2679,Brooklyn,NY,-1,Definitely Declining,C,C18,-1,0,0,#ffff00,0.085117167,0.000223353,37.27077973,1.66585206,38.66123026,1.925862463,38.49494359,1.758759362,0.816476346,4.282605203,81.17536705,8.166961657
2683,Brooklyn,NY,-1,Definitely Declining,C,C19,-1,0,0,#ffff00,0.068451787,0.000153895,38.25657942,0.728148544,40.00767379,0.714070594,39.67719398,0.750895236,0.3459268,2.096166019,81.39079103,6.590541698
9547,Brooklyn,NY,-1,Definitely Declining,C,C2,-1,0,0,#ffff00,0.024354277,2.38E-05,39.71500583,0,41.19842651,0,40.52336756,0,1.297709924,4.478438006,80.61068702,6.981515966
2681,Brooklyn,NY,-1,Definitely Declining,C,C20,-1,0,0,#ffff00,0.075765724,0.000141748,38.51601324,0.707175545,40.24797281,0.978790062,39.47012911,0.745662774,1.164102564,4.035578132,80.14102564,7.4675784
2685,Brooklyn,NY,-1,Definitely Declining,C,C21,-1,0,0,#ffff00,0.110657491,0.000331318,39.07631082,0.749927402,41.00236509,0.960123617,40.19276907,0.979747314,2.54942021,6.366078957,75.77857537,9.680375405
2707,Brooklyn,NY,-1,Definitely Declining,C,C22,-1,0,0,#ffff00,0.083845143,0.00020863,39.00804536,1.450480057,40.92916249,2.088047208,39.38687591,2.163709402,1.661700263,5.752827015,74.33567046,19.86634654
2678,Brooklyn,NY,-1,Definitely Declining,C,C23,-1,0,0,#ffff00,0.034248379,7.02E-05,37.75733488,1.023314246,38.78060461,1.262751612,35.00241076,2.579113388,1.03125,4.218518512,56.015625,29.16198949
2673,Brooklyn,NY,-1,Definitely Declining,C,C24,-1,0,0,#ffff00,0.055126088,0.000117601,39.07105086,0.781037689,41.01932226,1.172034224,38.46537772,0.982929134,1.184375,5.330080286,79.240625,12.64521548
2671,Brooklyn,NY,-1,Definitely Declining,C,C25,-1,0,0,#ffff00,0.108060995,0.000289788,36.63587246,2.358143539,38.4321425,2.607568782,38.39916866,1.548495149,2.353573688,6.97294638,77.3542062,9.148215385
2719,Brooklyn,NY,-1,Definitely Declining,C,C3,-1,0,0,#ffff00,0.048856373,8.27E-05,36.24400652,0.705145617,37.58273102,0.574887075,38.02080725,0.541187699,5.068131868,10.28590072,72.03736264,11.38249715
2723,Brooklyn,NY,-1,Definitely Declining,C,C4,-1,0,0,#ffff00,0.132299251,0.000301556,38.60901344,0.847049548,39.91417123,0.819236944,40.23875166,1.056503295,1.620024125,5.691962844,78.15018094,10.45686196
2697,Brooklyn,NY,-1,Definitely Declining,C,C5,-1,0,0,#ffff00,0.065845992,0.000121379,36.6805365,0.708624321,38.30653745,1.205745158,38.40224201,0.825686301,0.824773414,4.131463848,79.25830816,8.138976875
2717,Brooklyn,NY,-1,Definitely Declining,C,C6,-1,0,0,#ffff00,0.113430822,0.000207201,36.90349449,1.215278079,38.8249914,0.978057787,39.28927245,1.059699651,1.593503073,5.431898754,79.35820896,9.458093456
2730,Brooklyn,NY,-1,Definitely Declining,C,C7,-1,0,0,#ffff00,0.074671916,0.00014737,37.8974737,0.927946661,39.44270357,1.238378594,39.38231855,0.951553209,2.736645963,7.783895538,76.56149068,13.09355757
2731,Brooklyn,NY,-1,Definitely Declining,C,C8,-1,0,0,#ffff00,0.053281707,8.46E-05,38.06000055,0.66380166,40.34563052,0.607028227,40.08825361,0.521530492,1.816017316,5.626806871,80.94588745,9.519591008
2691,Brooklyn,NY,-1,Definitely Declining,C,C9,-1,0,0,#ffff00,0.04792742,7.18E-05,37.26428549,0.855526378,38.8553738,0.751584956,39.20799953,0.338776,0.524547804,2.900822656,84.58656331,5.307556441
2727,Brooklyn,NY,-1,Hazardous,D,D1,-1,0,0,#d9838d,0.130829745,0.00012133,38.93655178,1.663472223,40.32683141,1.637834439,40.38465292,1.18342471,0.728228228,4.203139344,84.15615616,5.860203206
2721,Brooklyn,NY,-1,Hazardous,D,D10,-1,0,0,#d9838d,0.109975515,0.000375103,39.36166801,1.447277101,41.9321045,1.211543105,40.96335218,0.845018863,2.712958435,6.718092442,77.85721271,9.165426322
2734,Brooklyn,NY,-1,Hazardous,D,D11,-1,0,0,#d9838d,0.17038546,0.000495984,39.17651232,0.996122809,41.68642655,0.914834611,41.06092889,0.830409688,1.540022132,4.942211516,78.95942457,9.677986458
2733,Brooklyn,NY,-1,Hazardous,D,D12,-1,0,0,#d9838d,0.093173527,0.000198995,38.98901838,1.503737262,42.43592065,1.948730747,40.73699381,1.480012922,3.863428048,8.881573979,77.75160403,12.54249184
2692,Brooklyn,NY,-1,Hazardous,D,D13,-1,0,0,#d9838d,0.048754178,5.21E-05,40.35417557,0.628842919,42.71659706,1.831229712,42.29902895,2.313449579,0.181506849,1.384082873,86.2739726,4.605714955
2689,Brooklyn,NY,-1,Hazardous,D,D14,-1,0,0,#d9838d,0.056202232,0.000128302,40.07133442,0.494498581,41.52513226,0.397649349,40.6432831,0.548569509,0.482905983,2.692528142,83.03276353,7.266228172
9546,Brooklyn,NY,-1,Hazardous,D,D15,-1,0,0,#d9838d,0.016796978,1.71E-05,,,,,,,0.720430108,2.829816634,79.87096774,6.944055718
2687,Brooklyn,NY,-1,Hazardous,D,D16,-1,0,0,#d9838d,0.053786225,0.000109423,38.19159432,1.11555795,40.51174629,1.040818463,39.98673842,0.832639073,1.405990017,5.40643273,80.91347754,8.359786162
2735,Brooklyn,NY,-1,Hazardous,D,D17,-1,0,0,#d9838d,0.116091315,0.000444863,39.20315734,2.300383196,41.38416482,2.695437921,40.11056396,2.417182924,2.213612136,6.640591938,78.63550636,9.586852184
2676,Brooklyn,NY,-1,Hazardous,D,D18,-1,0,0,#d9838d,0.061654553,0.000128043,37.99574177,1.386308269,40.23649802,1.71497099,38.85512966,1.125583853,3.439372325,9.521855131,73.71611983,20.50651432
2672,Brooklyn,NY,-1,Hazardous,D,D19,-1,0,0,#d9838d,0.095963132,0.000233503,38.58488413,1.307598891,40.46759169,1.19890327,39.34679186,1.303644691,1.797339593,5.725086256,79.59624413,9.934750426
2725,Brooklyn,NY,-1,Hazardous,D,D2,-1,0,0,#d9838d,0.219274946,0.000639019,39.45015955,1.104020965,41.27638753,1.54981546,41.10146533,1.311959794,2.10866457,7.004118799,81.90591936,9.071224659
2669,Brooklyn,NY,-1,Hazardous,D,D20,-1,0,0,#d9838d,0.068658995,0.000162294,37.48721635,2.172907644,39.26667554,2.438042649,38.00675539,1.892327318,4.455568054,12.13286471,73.18897638,18.45757157
2668,Brooklyn,NY,-1,Hazardous,D,D21,-1,0,0,#d9838d,0.038819973,7.10E-05,37.87696558,1.993812874,38.70711718,1.677118125,38.02351318,1.89558655,1.028497409,6.216451208,75.88860104,11.30686089
2708,Brooklyn,NY,-1,Hazardous,D,D22,-1,0,0,#d9838d,0.029863936,4.84E-05,39.20401184,0.666947585,41.37502421,0.756590821,39.95882459,0.376872765,4.213483146,7.45092093,71.55805243,10.98856235
2674,Brooklyn,NY,-1,Hazardous,D,D23,-1,0,0,#d9838d,0.090561946,0.000168872,37.86713877,1.308152478,39.73295044,1.349394893,37.99616902,0.900796519,1.495652174,5.330386907,77.36956522,11.86895603
2720,Brooklyn,NY,-1,Hazardous,D,D3,-1,0,0,#d9838d,0.13718392,0.000218623,38.3880253,0.943777731,39.66228944,1.072951528,39.37294091,0.868651003,5.873843566,11.06890554,76.6745164,12.34481595
2724,Brooklyn,NY,-1,Hazardous,D,D4,-1,0,0,#d9838d,0.093082076,0.000201461,38.99877528,0.80567071,40.74243157,1.069314179,40.56516062,0.94057742,0.959016393,3.723987587,82.49908925,6.558306451
2700,Brooklyn,NY,-1,Hazardous,D,D5,-1,0,0,#d9838d,0.059197146,0.000112891,39.37217842,1.069052406,40.87849984,1.29446126,40.37912712,1.298138887,0.974025974,3.778696353,79.35064935,10.43441637
2698,Brooklyn,NY,-1,Hazardous,D,D6,-1,0,0,#d9838d,0.098198719,0.000279779,37.89674126,1.167814095,39.4320426,1.42974081,39.11038251,1.272399334,1.60248854,5.269657777,79.24688933,8.857894437
2718,Brooklyn,NY,-1,Hazardous,D,D7,-1,0,0,#d9838d,0.084339628,0.000164905,38.81072591,0.95101548,40.28709693,0.900509929,40.22706795,0.845548107,2.84,7.706920411,78.75777778,9.089749755
2722,Brooklyn,NY,-1,Hazardous,D,D8,-1,0,0,#d9838d,0.121979593,0.000710278,38.27696386,1.284570364,39.94491265,1.458605414,40.24565344,1.297748099,2.276508344,6.577535982,76.68395379,9.816649647
2696,Brooklyn,NY,-1,Hazardous,D,D9,-1,0,0,#d9838d,0.134599441,0.000315357,38.02735846,1.558096587,39.98185553,1.711210137,40.0560754,1.46604525,2.106874639,6.722236404,80.40612363,11.83463704
2635,Manhattan,NY,-1,Best,A,A1,-1,0,0,#76a865,0.02556266,2.58E-05,38.09828237,0,38.75966924,0,37.65735779,0,2.528169014,7.538346722,78.58450704,10.52779216
2636,Manhattan,NY,-1,Best,A,A2,-1,0,0,#76a865,0.024563172,3.05E-05,36.38499985,0.833142375,37.09594801,0.658823355,36.97119028,1.579979745,0,0,76.30538922,9.118457018
2640,Manhattan,NY,-1,Best,A,A3,-1,0,0,#76a865,0.030115954,5.03E-05,37.14123677,0.02050812,38.16664277,0.22388031,39.23990105,0.31103982,7.184782609,20.46272469,71.88043478,20.34993273
2642,Manhattan,NY,-1,Best,A,A4,-1,0,0,#76a865,0.031093043,4.21E-05,38.27260139,0.52808409,39.66544454,0.39819933,38.75368771,0.525520575,0.705627706,3.045103005,80.73593074,6.278835395
2641,Manhattan,NY,-1,Best,A,A5,-1,0,0,#76a865,0.024431672,3.02E-05,38.63149349,0.12817575,39.67997113,0.281132145,39.52872374,0.37256418,0.251497006,1.944494956,81.48502994,5.158396779
2643,Manhattan,NY,-1,Best,A,A6,-1,0,0,#76a865,0.033208505,5.80E-05,37.54570247,0.268048955,38.47198589,0.287453698,38.09258567,0.541498829,6.80126183,20.34051446,73.69400631,19.83093516
2644,Manhattan,NY,-1,Best,A,A7,-1,0,0,#76a865,0.036405702,4.44E-05,37.09594801,1.648340145,37.53601808,1.78249743,37.64966725,0.855359505,8.214876033,20.42106618,69.99173554,21.64342737
2660,Manhattan,NY,-1,Best,A,A8,-1,0,0,#76a865,0.048548531,8.30E-05,32.9584348,3.16412494,34.20643935,3.516344323,35.429236,2.696472375,37.6799117,33.30283109,44.22075055,32.22800686
2623,Manhattan,NY,-1,Still Desirable,B,B1,-1,0,0,#7cb5bd,0.025969794,3.23E-05,38.26491085,0.824597325,38.78188637,1.32448275,38.29310951,0.95191857,5.737142857,16.28073508,74.87428571,14.83918255
2661,Manhattan,NY,-1,Still Desirable,B,B10,-1,0,0,#7cb5bd,0.048849099,0.000109115,36.11778392,1.863265106,37.57190729,3.421385337,37.47058741,2.932694981,19.16306156,31.62277713,64.62728785,31.40663772
2662,Manhattan,NY,-1,Still Desirable,B,B11,-1,0,0,#7cb5bd,0.054804356,0.000123338,36.95210633,1.750662738,38.23614251,2.645588635,38.80666702,3.016614655,9.335302806,22.73847481,73.59970458,24.37352487
2663,Manhattan,NY,-1,Still Desirable,B,B12,-1,0,0,#7cb5bd,0.019690768,2.23E-05,38.03163098,0,38.00599583,0,38.01454088,0,5.818181818,11.85448968,69.66115702,23.07571215
2632,Manhattan,NY,-1,Still Desirable,B,B2,-1,0,0,#7cb5bd,0.018790162,1.62E-05,,,,,,,0.146067416,1.370233817,77.88764045,6.883359191
2639,Manhattan,NY,-1,Still Desirable,B,B3,-1,0,0,#7cb5bd,0.021573196,2.79E-05,37.52918204,0,38.41274021,0,36.83532398,0,1.45751634,6.928190898,74.10457516,12.20851701
2616,Manhattan,NY,-1,Still Desirable,B,B4,-1,0,0,#7cb5bd,0.096748831,0.00023546,36.42131631,3.199442008,37.06760692,3.496000656,37.68555646,3.427262612,10.46046512,22.28341901,72.14496124,20.95424865
2647,Manhattan,NY,-1,Still Desirable,B,B5,-1,0,0,#7cb5bd,0.020977891,1.95E-05,33.3010913,0.43237953,31.69120388,3.35478663,33.99324035,4.28790609,10.77981651,20.21823947,69.88073394,22.43020767
2666,Manhattan,NY,-1,Still Desirable,B,B6,-1,0,0,#7cb5bd,0.06136883,0.000119938,33.93923563,3.586359273,35.80239834,2.601551462,36.00337791,2.4317509,26.64535769,33.57502261,57.04261796,30.84193529
2648,Manhattan,NY,-1,Still Desirable,B,B7,-1,0,0,#7cb5bd,0.033543174,6.46E-05,38.71352597,1.697745249,39.15388088,1.517683848,39.83748488,0.883997526,11.28611898,21.32615346,70.13314448,24.99964545
2657,Manhattan,NY,-1,Still Desirable,B,B8,-1,0,0,#7cb5bd,0.038653183,4.96E-05,36.8615288,0.752821438,39.61588325,2.442780963,38.64060821,0.692801167,13.73134328,23.52806015,69.8358209,23.139323
2658,Manhattan,NY,-1,Still Desirable,B,B9,-1,0,0,#7cb5bd,0.051175803,0.000108886,36.75158249,0.947225634,37.30658349,1.172156858,38.81435756,1.192592682,12.16053512,23.80159731,73.7090301,22.16302365
2621,Manhattan,NY,-1,Definitely Declining,C,C1,-1,0,0,#ffff00,0.039601883,6.65E-05,38.53749794,0.517348971,40.23283586,0.899186967,39.84788136,0.826007491,1.315068493,4.748688968,81.69041096,6.827024551
2629,Manhattan,NY,-1,Definitely Declining,C,C2,-1,0,0,#ffff00,0.013338234,9.73E-06,39.03994688,0,40.54900271,0,40.53533063,0,8.907407407,20.7197066,73.18518519,18.80905424
2615,Manhattan,NY,-1,Definitely Declining,C,C3,-1,0,0,#ffff00,0.025593056,3.90E-05,38.46828304,0.129030255,39.40994755,0.120485205,39.145051,0.284550165,2.112149533,5.166077532,81.43457944,6.313679005
2667,Manhattan,NY,-1,Definitely Declining,C,C4,-1,0,0,#ffff00,0.036087374,7.44E-05,38.31618115,0.962883064,39.17794944,1.370769518,38.9912401,1.98570397,6.901719902,14.21250348,77.43243243,12.53789263
2656,Manhattan,NY,-1,Definitely Declining,C,C5,-1,0,0,#ffff00,0.038913081,5.30E-05,38.67706709,0.307483571,39.85457498,0.596285865,39.80900138,0.747157333,3.395189003,10.82626837,80.68041237,13.78246288
2659,Manhattan,NY,-1,Definitely Declining,C,C6,-1,0,0,#ffff00,0.059014624,0.000155034,38.22432186,2.263230456,39.54538659,2.213914897,39.06280489,2.69135977,12.22143698,24.3736706,71.64193168,25.44031902
2624,Manhattan,NY,-1,Hazardous,D,D1,-1,0,0,#d9838d,0.065946306,0.000147852,38.24320642,0.473352457,39.76730154,0.509955068,39.10933269,0.840637403,5.446362515,10.80920834,76.14180025,14.02941656
2619,Manhattan,NY,-1,Hazardous,D,D10,-1,0,0,#d9838d,0.04909223,0.000108904,38.56757652,0.969362524,40.38903937,1.065819315,39.90709855,0.957061225,0.381909548,3.020012708,84.59128978,5.126911084
2633,Manhattan,NY,-1,Hazardous,D,D11,-1,0,0,#d9838d,0.02515565,3.23E-05,37.96839761,0,39.43985522,0,39.45523631,0,2.373563218,7.706810837,80.45402299,9.566203737
2634,Manhattan,NY,-1,Hazardous,D,D12,-1,0,0,#d9838d,0.035286442,6.26E-05,38.30208181,0.799853539,39.06430027,0.70421413,38.18672364,0.589868924,0.350877193,2.779359353,79.97076023,6.841930322
2618,Manhattan,NY,-1,Hazardous,D,D13,-1,0,0,#d9838d,0.038306789,6.96E-05,37.06262231,0.84583047,38.24867525,0.941096426,38.01419908,0.706132986,4.136125654,10.90162117,78.84031414,10.86558272
2617,Manhattan,NY,-1,Hazardous,D,D14,-1,0,0,#d9838d,0.024043463,1.92E-05,,,,,,,0.298076923,1.736928144,80.69230769,5.837670971
2637,Manhattan,NY,-1,Hazardous,D,D15,-1,0,0,#d9838d,0.031109801,4.22E-05,38.70839894,0.48706785,39.74918603,0.66993192,40.09269704,0.57422736,1.303030303,4.672285368,82.1991342,6.399012311
2638,Manhattan,NY,-1,Hazardous,D,D16,-1,0,0,#d9838d,0.026818903,3.96E-05,36.2055538,1.086075855,37.73255423,0.9912258,38.92031618,0.11621268,4.330275229,12.08156914,80.26605505,11.69226373
2645,Manhattan,NY,-1,Hazardous,D,D17,-1,0,0,#d9838d,0.053727383,0.000111113,38.68652361,0.784536039,38.93433006,1.881156425,39.25528214,0.393134711,0.654545455,3.293569994,82.43471074,5.209760559
2646,Manhattan,NY,-1,Hazardous,D,D18,-1,0,0,#d9838d,0.030881318,5.86E-05,38.83030832,0.589441378,39.56803097,0.845534605,39.26952389,0.215187517,1.878881988,8.375926091,81.11801242,7.217885723
2664,Manhattan,NY,-1,Hazardous,D,D19,-1,0,0,#d9838d,0.048472361,9.33E-05,37.95301652,0.718945997,38.82760239,0.474733286,39.29758014,0.473783339,5.902152642,11.12103027,75.88845401,15.00819358
2625,Manhattan,NY,-1,Hazardous,D,D2,-1,0,0,#d9838d,0.032446312,6.63E-05,38.39650462,0.491370096,40.15678492,0.269488985,39.62101028,0.364890645,2.541666667,8.796681034,82.41944444,9.298097758
2665,Manhattan,NY,-1,Hazardous,D,D20,-1,0,0,#d9838d,0.046464137,0.000106774,38.56455727,1.176945286,39.3054131,1.505570129,39.92777758,1.073329373,4.996581197,11.90259565,76.95897436,12.21005718
2652,Manhattan,NY,-1,Hazardous,D,D21,-1,0,0,#d9838d,0.021557202,2.73E-05,38.83999271,0,39.35269571,0,39.29458937,0,6.22,10.24296181,76.74,14.43626452
2649,Manhattan,NY,-1,Hazardous,D,D22,-1,0,0,#d9838d,0.048575433,7.29E-05,37.80809247,1.266958816,38.34779783,1.233607883,38.30336357,1.996984437,5.318066158,12.48706626,76.70992366,14.4619296
2651,Manhattan,NY,-1,Hazardous,D,D23,-1,0,0,#d9838d,0.033356116,6.38E-05,38.99935789,0.79244029,40.14567635,0.528682458,40.78057357,0.360836933,1.491525424,7.298029023,82.15254237,9.951544001
2653,Manhattan,NY,-1,Hazardous,D,D24,-1,0,0,#d9838d,0.029045597,5.11E-05,37.67957492,2.11404537,40.512259,1.691065395,40.46697023,1.06300422,5.817857143,14.42761622,77.88928571,16.01200084
2654,Manhattan,NY,-1,Hazardous,D,D25,-1,0,0,#d9838d,0.028142072,4.94E-05,39.76969415,0.21362625,40.72673975,0.60498954,40.88055065,0.10766763,4.099630996,9.34028887,78.89298893,10.96217864
2650,Manhattan,NY,-1,Hazardous,D,D26,-1,0,0,#d9838d,0.074585258,0.000257998,38.52684949,0.690522412,39.56316686,0.767789039,40.20075906,1.011170419,4.530829199,13.14034285,78.60949681,13.92176767
2655,Manhattan,NY,-1,Hazardous,D,D27,-1,0,0,#d9838d,0.032546989,6.28E-05,38.08973732,1.52956395,39.05703698,1.51760088,38.68874533,1.127092095,5.727536232,14.83712426,76.89275362,15.71217859
2626,Manhattan,NY,-1,Hazardous,D,D3,-1,0,0,#d9838d,0.063496823,0.000199102,38.24713714,0.751138747,39.59691324,1.078711205,39.42430323,0.77913406,2.856227106,8.760991404,80.28388278,11.58066139
2622,Manhattan,NY,-1,Hazardous,D,D4,-1,0,0,#d9838d,0.024569029,3.77E-05,38.56227859,0.886121685,40.81646278,0.498176415,40.20805522,0.557991765,0.70952381,3.046685125,82.72380952,6.30871693
2620,Manhattan,NY,-1,Hazardous,D,D5,-1,0,0,#d9838d,0.048360398,9.37E-05,39.32090812,1.2502749,41.25960907,1.441294939,40.21437855,0.719674156,2.341130604,7.341210833,80.31773879,9.73761107
2628,Manhattan,NY,-1,Hazardous,D,D6,-1,0,0,#d9838d,0.024695032,3.66E-05,39.16812263,0.66309588,40.75493842,0.814343265,40.00468303,0.887830695,1.804020101,7.087166115,80.64321608,9.779906675
2627,Manhattan,NY,-1,Hazardous,D,D7,-1,0,0,#d9838d,0.028460131,3.01E-05,37.22668727,1.92605427,39.60306568,1.202288535,38.51528081,0.86646807,12.09580838,15.30458564,63.56287425,14.53780737
2631,Manhattan,NY,-1,Hazardous,D,D8,-1,0,0,#d9838d,0.027377657,4.26E-05,39.10147124,0.2563515,40.12516823,0.52295706,38.92715222,0.4101624,3.0472103,9.997098439,80.4248927,8.518330556
2630,Manhattan,NY,-1,Hazardous,D,D9,-1,0,0,#d9838d,0.01700179,1.40E-05,,,,,,,0.350649351,2.148791468,82.5974026,5.301947058
2520,Queens,NY,-1,Definitely Declining,C,,-1,0,0,#ffff00,0.097948233,0.000212455,39.22315275,1.019246687,40.91592716,0.923569955,39.77926461,0.698144788,10.70761246,10.88748579,64.82179931,13.04508056
2543,Queens,NY,-1,Definitely Declining,C,,-1,0,0,#ffff00,0.01362391,1.07E-05,41.5556096,0,44.27635352,0,43.17404207,0,0,0,87.65,5.198797938
2592,Queens,NY,-1,Hazardous,D,,-1,0,0,#d9838d,0.018665849,9.16E-06,,,,,,,22.44897959,28.73386768,53.3877551,25.01494763
2593,Queens,NY,-1,Hazardous,D,,-1,0,0,#d9838d,0.019298263,1.94E-05,40.16191195,0.152956395,41.41461628,0.328984425,41.24115176,0.31616685,1.462264151,4.607570735,76.01886792,6.851499123
2594,Queens,NY,-1,Hazardous,D,,-1,0,0,#d9838d,0.028572229,1.50E-05,,,,,,,11.30952381,8.482441515,66.3452381,12.04603674
2596,Queens,NY,-1,Hazardous,D,,-1,0,0,#d9838d,0.026521012,1.12E-05,,,,,,,6.196721311,9.711949159,69.47540984,16.1981648
2597,Queens,NY,-1,Definitely Declining,C,,-1,0,0,#ffff00,0.014773153,1.36E-05,,,,,,,14.50684932,11.07647549,57.20547945,12.55012842
2513,Queens,NY,-1,Best,A,A1,-1,0,0,#76a865,0.030477196,4.41E-05,38.1318929,0.700936284,39.81014072,0.659406744,38.19227792,2.170760705,8.949790795,10.08196482,61.30962343,14.56353673
2463,Queens,NY,-1,Still Desirable,B,B1,-1,0,0,#7cb5bd,0.028948365,4.06E-05,39.12625189,0.045288765,40.49345988,0.381963735,39.72269638,0.017944605,1.03125,3.829386636,80.57142857,6.874141876
2494,Queens,NY,-1,Still Desirable,B,B10,-1,0,0,#7cb5bd,0.031204536,4.97E-05,40.36044194,0.337402417,41.72024423,0.468373376,40.26131936,0.370358235,10.33941606,8.671505966,63.8540146,6.793664015
2497,Queens,NY,-1,Still Desirable,B,B11,-1,0,0,#7cb5bd,0.110393815,0.000152031,38.93057024,0.743699642,39.66983914,1.251713157,38.67373045,1.022980697,18.38682635,14.71249642,56.27305389,16.30075652
2591,Queens,NY,-1,Still Desirable,B,B12,-1,0,0,#7cb5bd,0.060150984,0.000132554,34.72811465,0.677025003,33.92585653,1.367283334,32.76104414,2.566416396,36.63686382,23.00858437,28.87757909,19.40511796
2589,Queens,NY,-1,Still Desirable,B,B13,-1,0,0,#7cb5bd,0.088283715,0.000195641,36.90368438,1.408629772,36.90197537,1.53238244,36.81861366,1.163160062,31.59090909,22.64144555,42.78849722,21.2979085
2521,Queens,NY,-1,Still Desirable,B,B14,-1,0,0,#7cb5bd,0.094542772,0.000251474,36.70358779,1.205031111,38.73887629,1.4831202,36.89756043,1.860278183,23.34011628,16.88553344,45.98401163,18.71010578
2514,Queens,NY,-1,Still Desirable,B,B15,-1,0,0,#7cb5bd,0.012596732,8.26E-06,39.03311084,0,39.64322741,0,38.30336357,0,19.95555556,12.20374361,52.51111111,13.21719792
2586,Queens,NY,-1,Still Desirable,B,B16,-1,0,0,#7cb5bd,0.06889455,0.000172805,36.91086222,3.35013964,38.72275462,2.785986273,35.3695061,2.666325528,2.637894737,6.137669349,66.47789474,19.48891819
2587,Queens,NY,-1,Still Desirable,B,B17,-1,0,0,#7cb5bd,0.062353154,6.52E-05,36.01158116,2.16702468,38.05726613,2.45413836,36.67724056,0.720347715,1.364902507,4.256797864,73.24233983,13.71130071
2464,Queens,NY,-1,Still Desirable,B,B2,-1,0,0,#7cb5bd,0.038620315,8.65E-05,38.21235879,0.602577362,39.66971707,0.563026724,38.65157436,0.922467633,2,5.134404081,79.39368421,8.897945482
2455,Queens,NY,-1,Still Desirable,B,B3,-1,0,0,#7cb5bd,0.028447766,3.11E-05,39.21768392,0.59131746,41.72223808,0.687876525,40.03288169,0.56055528,0.742690058,3.63919402,81.29824561,7.598780094
2511,Queens,NY,-1,Still Desirable,B,B4,-1,0,0,#7cb5bd,0.052562207,6.98E-05,37.38647971,1.18976466,39.22921974,0.938607037,38.55501529,0.499565248,14.29581152,14.89874844,52.44764398,17.81760798
2512,Queens,NY,-1,Still Desirable,B,B5,-1,0,0,#7cb5bd,0.040597671,6.87E-05,35.68117256,1.050882588,36.79259873,1.503204238,35.57863196,1.0267271,29.72751323,16.9503581,33.78042328,13.86449685
2504,Queens,NY,-1,Still Desirable,B,B6,-1,0,0,#7cb5bd,0.037729318,5.87E-05,37.67017537,1.080881273,39.05831874,1.364533119,37.6753024,1.475992351,17.06289308,17.7490138,57.55974843,21.60555228
2482,Queens,NY,-1,Still Desirable,B,B7,-1,0,0,#7cb5bd,0.044717072,8.69E-05,38.04743932,0.681037135,38.53749794,2.305794303,37.35486302,2.812045478,12.61297071,11.24614295,55.67991632,18.01185263
2485,Queens,NY,-1,Still Desirable,B,B8,-1,0,0,#7cb5bd,0.031355831,5.30E-05,38.29396402,0.951064065,39.56803097,1.13990967,39.58683008,0.30591279,11.09310345,10.80173776,69.42758621,11.44175344
2491,Queens,NY,-1,Still Desirable,B,B9,-1,0,0,#7cb5bd,0.062327499,0.000161962,39.022477,0.86231811,40.40145818,1.029352863,39.73665329,0.798879665,15.73849607,10.9665377,57.31874299,13.75705011
2433,Queens,NY,-1,Definitely Declining,C,C1,-1,0,0,#ffff00,0.054918258,0.000128861,38.77285303,0.648231998,39.80655994,0.616519868,39.55704448,0.835336525,1.517680339,6.590092538,81.1669024,8.593631529
2461,Queens,NY,-1,Definitely Declining,C,C10,-1,0,0,#ffff00,0.045321549,7.68E-05,40.76889533,0.918511219,43.25037785,0.80811098,42.43802843,1.206844517,1.471291866,5.859633115,79.68899522,7.891241796
2585,Queens,NY,-1,Definitely Declining,C,C100,-1,0,0,#ffff00,0.0305284,2.92E-05,36.50463055,0.971572185,38.61696691,1.012588425,33.87531866,1.48512969,0.12345679,1.109807191,68.55555556,28.47264227
2584,Queens,NY,-1,Definitely Declining,C,C101,-1,0,0,#ffff00,0.0272954,2.87E-05,32.85418519,3.458181735,33.41559497,4.44684402,33.99153134,1.49538375,0.455696203,2.345464076,83.5443038,5.558201759
2583,Queens,NY,-1,Definitely Declining,C,C102,-1,0,0,#ffff00,0.076387936,0.000107071,37.87342548,0.884490035,39.31119118,1.500914958,36.79748162,1.850293694,0.753846154,3.074725711,75.03418803,18.36995486
2581,Queens,NY,-1,Definitely Declining,C,C103,-1,0,0,#ffff00,0.059234128,0.000121052,37.56985648,2.447899064,39.40328241,3.244294775,37.31863201,2.337896047,2.401206637,8.603138702,68.83107089,21.89991907
2578,Queens,NY,-1,Definitely Declining,C,C104,-1,0,0,#ffff00,0.076940129,0.000101854,36.72879569,1.693259437,38.56882979,1.887840311,37.2602978,1.64085629,4.273703041,9.727698998,55.19677996,30.53513048
2579,Queens,NY,-1,Definitely Declining,C,C105,-1,0,0,#ffff00,0.035101296,5.14E-05,36.56871842,0.85108698,38.08802831,1.43727741,33.6599834,1.9482714,5.762589928,8.190258061,66.46402878,16.795548
2574,Queens,NY,-1,Definitely Declining,C,C106,-1,0,0,#ffff00,0.079507333,0.000185737,35.99278205,3.412293437,36.91180218,4.206790146,35.33652221,3.241203585,11.93143976,13.43694968,54.99216454,21.62986512
2576,Queens,NY,-1,Definitely Declining,C,C107,-1,0,0,#ffff00,0.024521862,3.43E-05,39.20315734,0.311894325,40.38322874,0.48364983,37.3335004,1.033096545,8.744680851,9.892976415,67.76595745,11.51911042
2575,Queens,NY,-1,Definitely Declining,C,C108,-1,0,0,#ffff00,0.096017995,0.000174915,38.97655815,1.537593354,40.00880019,1.790115605,37.32347938,1.345036032,6.456905504,9.620469781,71.58774663,12.37470267
2441,Queens,NY,-1,Definitely Declining,C,C11,-1,0,0,#ffff00,0.046195862,5.75E-05,40.35588458,0,41.34881939,0,40.87371461,0,1.214057508,4.931692562,81.00319489,8.518162667
2460,Queens,NY,-1,Definitely Declining,C,C12,-1,0,0,#ffff00,0.023655498,1.86E-05,39.82267346,0.1538109,41.7777809,0.30249477,41.65216867,0.233279865,0.38,2.162313576,82.94,4.597434067
2459,Queens,NY,-1,Definitely Declining,C,C13,-1,0,0,#ffff00,0.027529862,3.15E-05,40.21147324,0.754527915,41.49579425,0.75367341,41.30865766,0.445197105,4.183908046,10.7066729,75.87356322,12.06953474
2458,Queens,NY,-1,Definitely Declining,C,C14,-1,0,0,#ffff00,0.034588803,4.34E-05,39.85856267,0.11108565,41.02154398,0.098268075,40.14567635,0.2905317,2.857142857,9.643028321,75.59663866,12.02540681
2442,Queens,NY,-1,Definitely Declining,C,C15,-1,0,0,#ffff00,0.065876845,0.000135561,38.83529293,1.320626834,40.47209726,1.418884389,39.86945761,1.186277299,3.484353741,7.575432011,75.88843537,8.660085285
2457,Queens,NY,-1,Definitely Declining,C,C16,-1,0,0,#ffff00,0.048627433,6.75E-05,40.3877861,1.218185184,41.39724134,1.024761437,41.18361509,0.398387138,0.833333333,3.763029931,79.42473118,7.064391335
2440,Queens,NY,-1,Definitely Declining,C,C17,-1,0,0,#ffff00,0.038851433,5.10E-05,37.59284266,1.023151456,38.74129738,1.417998654,39.78592975,1.709535226,1.399293286,4.75100133,83.12014134,7.939683217
2439,Queens,NY,-1,Definitely Declining,C,C18,-1,0,0,#ffff00,0.032274316,3.24E-05,40.20378269,2.91898908,41.09588591,2.62503936,41.06768725,2.143953045,0.096590909,1.277777622,85.14772727,3.660414075
2438,Queens,NY,-1,Definitely Declining,C,C19,-1,0,0,#ffff00,0.044892187,8.06E-05,39.22007653,0.600199446,40.47414807,0.684783396,38.88408517,0.893101483,1.521252796,4.943879252,81.11856823,10.12237381
2429,Queens,NY,-1,Definitely Declining,C,C2,-1,0,0,#ffff00,0.034062373,6.78E-05,38.77448066,0.948150301,39.60050216,1.291254792,39.40054799,0.914915914,0.310810811,2.021009085,83.94594595,4.727984234
2466,Queens,NY,-1,Definitely Declining,C,C20,-1,0,0,#ffff00,0.063047297,0.000117327,39.96238503,0.897571478,41.71027501,1.024480224,40.7784373,0.603518165,0.820155039,3.814525072,80.38604651,6.969799127
2467,Queens,NY,-1,Definitely Declining,C,C21,-1,0,0,#ffff00,0.031042645,5.85E-05,40.37240501,0.579899997,41.67922799,0.729127752,41.28843437,0.244734104,1.150470219,4.105496518,78.22570533,6.672300205
2468,Queens,NY,-1,Definitely Declining,C,C22,-1,0,0,#ffff00,0.027399458,3.72E-05,39.26724521,0.59986251,41.13775666,0.359746605,39.5218877,0.21362625,0.333333333,2.548868774,81.20588235,5.929054806
2456,Queens,NY,-1,Definitely Declining,C,C23,-1,0,0,#ffff00,0.079150022,0.000213629,38.92168339,0.885427113,40.63718763,0.755852909,40.1198703,0.58559045,4.260683761,10.95692777,75.28974359,11.19992281
2443,Queens,NY,-1,Definitely Declining,C,C24,-1,0,0,#ffff00,0.04118725,6.78E-05,38.889554,0.07519644,40.23625388,0.00854505,39.72184187,0.28540467,0.906849315,3.768227982,82.46027397,7.128694471
2445,Queens,NY,-1,Definitely Declining,C,C25,-1,0,0,#ffff00,0.035376482,5.81E-05,39.07113631,1.128703991,40.53533063,0.58475245,40.23582663,0.688936012,1.109717868,4.810242427,83.11285266,6.723359667
2444,Queens,NY,-1,Definitely Declining,C,C26,-1,0,0,#ffff00,0.067100841,6.83E-05,38.44236305,0.737112917,39.75032537,1.044237587,39.76741547,0.59710167,2.64171123,7.097108944,76.82620321,15.19390738
2447,Queens,NY,-1,Definitely Declining,C,C27,-1,0,0,#ffff00,0.06025056,0.000134902,37.98622014,1.527491372,39.05630455,1.449741309,38.95742611,0.862034786,0.681571816,3.579936824,84.58130081,9.110702925
2446,Queens,NY,-1,Definitely Declining,C,C28,-1,0,0,#ffff00,0.048341716,8.72E-05,36.84500837,0.375093846,38.30962994,0.1618685,39.0547583,0.378157055,0.415254237,3.35429467,85.59957627,4.641677424
2454,Queens,NY,-1,Definitely Declining,C,C29,-1,0,0,#ffff00,0.025698917,3.52E-05,36.75414601,0.703257615,38.02308593,0.40674438,38.69729038,0.130739265,0.3125,2.188095157,85.48958333,4.572323424
2432,Queens,NY,-1,Definitely Declining,C,C3,-1,0,0,#ffff00,0.087379628,0.000149812,38.52577901,0.912975851,40.29777824,0.971876673,40.06828261,0.792606292,1.015873016,3.834295731,81.33943834,6.411760042
2448,Queens,NY,-1,Definitely Declining,C,C30,-1,0,0,#ffff00,0.06864367,0.000140826,37.45911263,1.224353044,38.62001871,1.068230549,39.46915253,0.722428511,2.832694764,8.079828645,80.71264368,12.65790909
2449,Queens,NY,-1,Definitely Declining,C,C31,-1,0,0,#ffff00,0.039757622,6.65E-05,38.15695838,0.246122494,39.05247962,0.206299209,39.80444402,0.215589803,1.008287293,4.093849024,82.72099448,7.274191957
5500,Queens,NY,-1,Definitely Declining,C,C32,-1,0,0,#ffff00,0.0323296,2.15E-05,35.73870923,1.132577602,36.99767993,0.908293396,37.72002149,1.175380109,1.610619469,5.233374228,80.92920354,12.04469318
2452,Queens,NY,-1,Definitely Declining,C,C33,-1,0,0,#ffff00,0.073572435,0.00012043,38.15069201,0.995421999,39.97164217,0.916450891,39.12682156,1.672495845,3.61387632,10.79963914,74.80693816,13.30834507
2453,Queens,NY,-1,Definitely Declining,C,C34,-1,0,0,#ffff00,0.044049152,7.34E-05,38.3825477,0.383037737,40.40088851,0.482635909,39.07982378,0.814096899,7.045226131,9.552708307,70.90954774,13.50923225
2450,Queens,NY,-1,Definitely Declining,C,C35,-1,0,0,#ffff00,0.072600367,0.000110594,39.19432745,0.92336566,40.55498425,1.160923063,39.63439753,0.631322433,4.889802632,12.56258129,76.53618421,15.05806765
2510,Queens,NY,-1,Definitely Declining,C,C36,-1,0,0,#ffff00,0.063555424,8.32E-05,39.00861503,1.530971777,40.7409815,1.565016103,37.70634941,1.240212542,9.358695652,13.06736852,69.33043478,13.36313667
2478,Queens,NY,-1,Definitely Declining,C,C37,-1,0,0,#ffff00,0.108049057,0.000257629,38.23158515,3.17582585,39.59971339,4.016946794,38.85550526,4.418798492,4.981664316,9.48629489,67.35190409,22.77218071
2480,Queens,NY,-1,Definitely Declining,C,C38,-1,0,0,#ffff00,0.078970817,8.24E-05,38.23130032,1.50643986,40.12146538,1.620489499,38.46315601,3.074626112,15.34666667,13.64892507,56.95555556,14.17549616
2481,Queens,NY,-1,Definitely Declining,C,C39,-1,0,0,#ffff00,0.063002119,0.000101284,39.07199082,1.025416236,39.95341273,2.000846585,37.43475924,4.909958869,9.549019608,10.12936836,63.28877005,16.00140475
2430,Queens,NY,-1,Definitely Declining,C,C4,-1,0,0,#ffff00,0.052435839,0.00015695,38.00200814,1.146550285,38.65579941,0.872597879,39.07241807,0.821423448,0.149184149,1.383765524,84.96153846,4.619020518
2479,Queens,NY,-1,Definitely Declining,C,C40,-1,0,0,#ffff00,0.070097768,0.000140927,40.01188528,0.792229811,41.37567526,0.819617858,40.43156931,0.564004161,8.136897001,9.170031245,66.4041721,8.796015651
2483,Queens,NY,-1,Definitely Declining,C,C41,-1,0,0,#ffff00,0.054084648,8.87E-05,38.82845689,0.551240341,40.3503303,0.471800332,39.15658681,0.725365911,14.11850312,12.18279395,62.62785863,13.18194969
2484,Queens,NY,-1,Definitely Declining,C,C42,-1,0,0,#ffff00,0.021658837,1.25E-05,,,,,,,7.294117647,13.48644071,76.52941176,10.31912928
2490,Queens,NY,-1,Definitely Declining,C,C43,-1,0,0,#ffff00,0.102835655,0.000136649,38.84731704,0.672381785,40.50725404,1.088476604,39.20596499,1.159244272,14.68598383,13.23903372,59.9097035,13.16733227
2488,Queens,NY,-1,Definitely Declining,C,C44,-1,0,0,#ffff00,0.03700709,7.42E-05,39.13793012,0.633675363,40.50342911,0.663850606,40.10352077,0.354797867,9.152334152,11.29746936,66.85749386,16.48301446
2487,Queens,NY,-1,Definitely Declining,C,C45,-1,0,0,#ffff00,0.035729129,4.39E-05,38.49819071,0.660524443,40.06250453,1.04416766,39.58853909,0.387205499,2.514644351,8.012463812,77.71129707,10.28283688
2492,Queens,NY,-1,Definitely Declining,C,C46,-1,0,0,#ffff00,0.138436296,0.000258868,39.32863811,1.522922651,40.76184019,1.534973146,39.4033087,2.317158939,6.313559322,11.40902296,69.20833333,15.55057227
2493,Queens,NY,-1,Definitely Declining,C,C47,-1,0,0,#ffff00,0.040654581,6.79E-05,39.72056011,0.396934589,41.26892317,0.379635665,39.25827291,0.748272591,10.18356164,10.43685532,65.30684932,12.30097812
2499,Queens,NY,-1,Definitely Declining,C,C48,-1,0,0,#ffff00,0.051579901,9.24E-05,40.19481039,0.392634354,41.66584075,0.655272745,40.26915232,0.854771884,7.125,14.94295535,69.95039683,13.72589951
2496,Queens,NY,-1,Definitely Declining,C,C49,-1,0,0,#ffff00,0.087626836,0.00017953,39.40482052,0.608927002,40.53682601,0.558945847,40.1200412,0.716537473,13.35598377,11.98105544,61.87931034,12.97347262
2469,Queens,NY,-1,Definitely Declining,C,C5,-1,0,0,#ffff00,0.036899824,5.09E-05,41.37103652,0,43.03048523,0,37.27795757,0,2.31294964,5.762622486,74.1618705,11.8749049
2595,Queens,NY,-1,Definitely Declining,C,C50,-1,0,0,#ffff00,0.134798407,0.000313179,39.76595569,0.605789873,41.22342078,0.768056188,40.08970627,0.775192765,9.696511628,9.56269335,67.01395349,9.845305372
2498,Queens,NY,-1,Definitely Declining,C,C51,-1,0,0,#ffff00,0.041169438,5.76E-05,38.803249,0.867322575,40.53703964,0.72462024,38.99465812,0.158083425,18.33974359,20.76547825,62.46794872,18.09480726
2590,Queens,NY,-1,Definitely Declining,C,C52,-1,0,0,#ffff00,0.022114488,2.89E-05,39.38858492,1.17408987,39.4014025,0.992080305,39.50992463,1.15358175,18.55696203,12.37928735,55.92405063,15.99784175
2500,Queens,NY,-1,Definitely Declining,C,C53,-1,0,0,#ffff00,0.062073647,6.55E-05,39.35440472,0.23755239,41.05230616,0.193972635,40.07731595,0.17944605,6.572625698,9.132728874,70.27653631,8.298149303
2501,Queens,NY,-1,Definitely Declining,C,C54,-1,0,0,#ffff00,0.101677022,0.000177225,39.07716532,0.700224209,41.04594484,0.89807668,40.2510653,0.923936251,7.19266055,9.535201543,70.21916412,11.52888849
2509,Queens,NY,-1,Definitely Declining,C,C55,-1,0,0,#ffff00,0.074320504,0.00023913,39.49354662,0.658687743,41.22861902,0.816120821,39.65519048,1.18941346,4.933333333,12.35990304,73.18927203,13.76302587
2508,Queens,NY,-1,Definitely Declining,C,C56,-1,0,0,#ffff00,0.057485229,0.000166411,39.6735013,0.8397667,41.51801138,1.321659481,39.1695875,1.822290692,5.397155361,12.23640373,70.98577681,13.37290506
2505,Queens,NY,-1,Definitely Declining,C,C57,-1,0,0,#ffff00,0.048301421,7.36E-05,38.5876289,0.125464564,39.75716141,0.216437118,38.06752019,0.912670012,12.5199005,16.80073002,64.58955224,17.5406618
2503,Queens,NY,-1,Definitely Declining,C,C58,-1,0,0,#ffff00,0.046630963,5.62E-05,38.5558698,1.480982833,40.30888681,1.783488683,39.65561773,2.143015192,7.638709677,11.20621019,66.82258065,17.19351359
2506,Queens,NY,-1,Definitely Declining,C,C59,-1,0,0,#ffff00,0.039100939,4.13E-05,39.50878529,0.991917348,42.40726625,1.077647315,41.51345402,0.555757393,1.156950673,3.839555004,79.93273543,7.479116225
2465,Queens,NY,-1,Definitely Declining,C,C6,-1,0,0,#ffff00,0.078899877,0.000165031,39.67133113,1.351001948,41.08544196,1.333530292,40.56590292,1.628192491,1.349889625,4.558920735,78.37748344,8.828817247
2502,Queens,NY,-1,Definitely Declining,C,C60,-1,0,0,#ffff00,0.0987198,0.000221879,38.88442697,1.03253485,40.96600115,0.910020464,40.07851226,0.939042772,6.488065844,10.46945693,69.24197531,11.87302019
2507,Queens,NY,-1,Definitely Declining,C,C61,-1,0,0,#ffff00,0.056140567,0.000106408,39.42481593,0.603413073,41.66191002,1.134491968,40.59651319,1.025005102,2.132075472,7.335015552,81.41166381,12.1891328
2522,Queens,NY,-1,Definitely Declining,C,C62,-1,0,0,#ffff00,0.065407209,0.000133041,38.63930611,1.052955783,42.46529121,0.851044677,41.48358704,0.56302065,2.165753425,5.662777265,76.52054795,10.66155504
2548,Queens,NY,-1,Definitely Declining,C,C63,-1,0,0,#ffff00,0.047532991,0.00010162,39.61519965,0.35729281,42.36909836,0.473645577,41.453069,0.680816905,4.740143369,7.506666188,68.67562724,11.4799411
2549,Queens,NY,-1,Definitely Declining,C,C64,-1,0,0,#ffff00,0.054377492,0.000111424,39.62585248,0.487892091,41.82449384,0.403768658,40.79339114,0.378427712,9.993442623,8.588399894,63.17704918,8.778035059
2557,Queens,NY,-1,Definitely Declining,C,C65,-1,0,0,#ffff00,0.09155086,0.000320375,38.54467578,1.312787457,42.09953052,0.643610978,40.67546945,0.442095486,7.655290102,9.623193972,65.91808874,9.411228401
2563,Queens,NY,-1,Definitely Declining,C,C66,-1,0,0,#ffff00,0.04157268,7.40E-05,38.82005426,0.589872311,41.67580997,0.318311492,40.65211298,0.479825841,9.428571429,8.752681302,60.83990148,10.33247709
2562,Queens,NY,-1,Definitely Declining,C,C67,-1,0,0,#ffff00,0.064254552,0.000127918,39.19580859,0.810227492,41.55868582,0.651157839,40.36648044,0.67667508,7.461870504,8.65491415,64.74532374,11.75712992
2560,Queens,NY,-1,Definitely Declining,C,C68,-1,0,0,#ffff00,0.035274796,4.57E-05,36.98400785,1.31480305,40.41342125,1.372136967,39.19546679,0.995079297,17.39442231,17.6278429,58.81673307,16.72910122
2558,Queens,NY,-1,Definitely Declining,C,C69,-1,0,0,#ffff00,0.055478929,7.37E-05,39.75132229,0.891227311,41.32104798,0.713791892,39.9059877,0.449005383,12.9009901,6.631390922,66.12376238,6.558157923
2470,Queens,NY,-1,Definitely Declining,C,C7,-1,0,0,#ffff00,0.048858815,0.000115317,40.0560754,1.927785975,41.86689356,1.972951287,41.02068947,0.532535382,6.844444444,12.11196153,69.66666667,12.02682188
2561,Queens,NY,-1,Definitely Declining,C,C70,-1,0,0,#ffff00,0.040548079,8.66E-05,38.67763676,0.40118441,41.03948858,0.465310731,39.89915166,0.660238114,11.91789474,7.848807874,65.42736842,12.48984802
2559,Queens,NY,-1,Definitely Declining,C,C71,-1,0,0,#ffff00,0.059043454,0.000118183,37.81487155,2.723260722,41.12237557,0.277747427,40.14823987,0.41504291,12.33024691,8.227787827,67.52623457,9.50175049
2516,Queens,NY,-1,Definitely Declining,C,C72,-1,0,0,#ffff00,0.049175783,7.98E-05,40.11776252,0.717570316,42.66589643,0.84471708,40.87143593,0.252271849,0.936073059,3.587207753,81.09360731,6.349623744
2517,Queens,NY,-1,Definitely Declining,C,C73,-1,0,0,#ffff00,0.078069684,0.000240085,40.38593467,0.310295117,43.03931512,0.578705726,41.59135639,0.596096081,0.712984055,3.079990037,77.49734244,7.773425942
2515,Queens,NY,-1,Definitely Declining,C,C74,-1,0,0,#ffff00,0.091270744,0.000198089,38.61642313,1.461624758,41.16719824,1.641887047,39.9710466,1.427667422,2.905330882,6.936771231,77.61121324,12.50325484
2519,Queens,NY,-1,Definitely Declining,C,C75,-1,0,0,#ffff00,0.076538168,0.000231485,40.39938665,0.706167084,42.97424326,0.742464032,41.23291744,0.66236904,1.906866614,5.265561015,72.26203631,9.307981483
2518,Queens,NY,-1,Definitely Declining,C,C76,-1,0,0,#ffff00,0.058992783,0.000109679,40.69744244,1.111333954,43.23947274,0.901408741,41.06414715,1.493113957,3.740863787,7.71734625,75.68272425,10.43699658
2528,Queens,NY,-1,Definitely Declining,C,C77,-1,0,0,#ffff00,0.035289158,4.64E-05,38.49391819,0.168337485,40.1875471,0.243533925,38.73745211,0.52466607,16.14453125,10.48951343,52.6171875,15.4376878
2550,Queens,NY,-1,Definitely Declining,C,C78,-1,0,0,#ffff00,0.073928671,0.000280333,39.48868408,1.280402224,41.8535877,0.505294467,40.53691757,0.693321596,7.902931596,8.630018695,63.47035831,9.625847441
2564,Queens,NY,-1,Definitely Declining,C,C79,-1,0,0,#ffff00,0.046827116,0.000109778,39.97135733,1.136795291,41.737904,0.396856835,40.33252811,0.34049591,7.154228856,8.097320229,64.47927032,8.627974372
2477,Queens,NY,-1,Definitely Declining,C,C8,-1,0,0,#ffff00,0.03982678,5.18E-05,39.85001762,0.39819933,41.58722629,0.725474745,40.34050349,0.30591279,3.416370107,6.93341096,77.82206406,8.961980431
2567,Queens,NY,-1,Definitely Declining,C,C80,-1,0,0,#ffff00,0.035830316,4.66E-05,39.66259619,0.230770497,40.42595399,0.202111659,39.44099456,0.546303134,7.46743295,8.079341515,63.36781609,9.080881701
2566,Queens,NY,-1,Definitely Declining,C,C81,-1,0,0,#ffff00,0.038502348,7.66E-05,40.51610427,0.108803521,41.8380235,0.126665055,40.0777432,0.217492506,6.582338902,7.438837212,65.32458234,7.660744681
2531,Queens,NY,-1,Definitely Declining,C,C82,-1,0,0,#ffff00,0.024933269,3.41E-05,39.39114844,0.429816015,41.55731861,0.15893793,40.42424498,0.36231012,3.470588235,6.763613025,69.03208556,9.770578855
2551,Queens,NY,-1,Definitely Declining,C,C83,-1,0,0,#ffff00,0.059905803,0.000175136,40.21130233,0.884655354,41.90407674,0.747289886,40.53191261,0.41302285,7.242424242,8.142651717,64.29467085,8.426267757
2565,Queens,NY,-1,Definitely Declining,C,C84,-1,0,0,#ffff00,0.050259273,0.000104071,40.37028909,1.047640398,41.1046751,1.094834555,39.26260647,0.736172067,8.360281195,7.593950783,63.97012302,8.263083261
2535,Queens,NY,-1,Definitely Declining,C,C85,-1,0,0,#ffff00,0.053289874,0.000100121,40.37596545,0.199399708,42.87795609,0.169878409,41.18945421,0.126214612,2.923497268,5.88115246,70.90346084,7.800317987
2532,Queens,NY,-1,Definitely Declining,C,C86,-1,0,0,#ffff00,0.05185126,0.000146112,39.036773,0.688800652,41.50702489,0.781022569,40.02287177,0.930496556,6.411471322,8.826974532,67.72568579,10.02053072
2534,Queens,NY,-1,Definitely Declining,C,C87,-1,0,0,#ffff00,0.069679884,0.000231124,40.17002974,0.785811125,42.607078,1.108309373,40.83739815,1.073183015,4.434575734,7.391931028,71.52815226,8.413493684
2533,Queens,NY,-1,Definitely Declining,C,C88,-1,0,0,#ffff00,0.054235597,8.01E-05,39.40328241,0.638388419,41.99721778,0.685734891,40.14806896,0.272059363,5.721348315,8.116766832,68.31910112,9.834437045
2538,Queens,NY,-1,Definitely Declining,C,C89,-1,0,0,#ffff00,0.052404734,7.17E-05,39.60306568,1.26620717,42.01576054,1.820457224,40.10807813,1.5459122,4.931472081,10.98928294,70.87309645,19.17695151
2462,Queens,NY,-1,Definitely Declining,C,C9,-1,0,0,#ffff00,0.053118883,8.91E-05,39.86744952,2.037548608,41.27157214,2.290164307,40.65667034,1.932210364,3.754098361,8.839934978,77.25,11.14265729
2529,Queens,NY,-1,Definitely Declining,C,C90,-1,0,0,#ffff00,0.082571844,0.000211152,39.47217105,1.269521719,41.71252779,1.147198821,40.05478809,1.392671251,8.211521926,11.09196938,66.80481513,12.16250999
2530,Queens,NY,-1,Definitely Declining,C,C91,-1,0,0,#ffff00,0.064089203,8.39E-05,40.70067735,0.858047591,43.02364919,1.080158541,40.05381706,1.675469848,10.53913043,15.24839946,64.40217391,15.59728222
2570,Queens,NY,-1,Definitely Declining,C,C92,-1,0,0,#ffff00,0.055307173,8.21E-05,39.70577718,0.689124541,41.72514339,0.836433144,39.85480285,0.487761634,9.8,8.047769468,66.68351648,8.118954403
2553,Queens,NY,-1,Definitely Declining,C,C93,-1,0,0,#ffff00,0.04514224,9.27E-05,40.1538796,0.336131291,41.23499932,0.260107953,40.36442963,0.385877655,5.972495088,7.817869678,63.10805501,11.27309304
2554,Queens,NY,-1,Definitely Declining,C,C94,-1,0,0,#ffff00,0.024808571,2.46E-05,41.45050549,0.113649165,43.32870748,0.122194215,41.01812596,0.029907675,5.089552239,7.420687789,68.82089552,10.02448551
2555,Queens,NY,-1,Definitely Declining,C,C95,-1,0,0,#ffff00,0.041618637,6.38E-05,39.85400531,0.403582952,41.0827835,0.719754092,39.68082563,1.193780694,10.94318182,8.759550573,61.03977273,9.715767875
2552,Queens,NY,-1,Definitely Declining,C,C96,-1,0,0,#ffff00,0.036018644,7.49E-05,39.71756935,0.729434518,41.28473152,0.67037483,40.41142741,1.315861403,5.142857143,9.77898268,62.11864407,9.863865923
2556,Queens,NY,-1,Definitely Declining,C,C97,-1,0,0,#ffff00,0.052163992,8.45E-05,40.9061858,0.518989693,42.22155383,0.851091937,40.56153545,0.950832646,9.443496802,9.377620761,63.92750533,9.800301895
2571,Queens,NY,-1,Definitely Declining,C,C98,-1,0,0,#ffff00,0.086475945,0.000152847,40.53931832,1.596828603,41.91165335,1.032778246,41.26735658,1.955753358,7.956574186,9.030068834,67.04583836,11.54444175
2536,Queens,NY,-1,Definitely Declining,C,C99,-1,0,0,#ffff00,0.058192041,0.000120433,38.25087255,1.563283334,40.9938336,1.79162682,38.70009803,1.77224147,2.812405446,7.246757142,71.61270802,10.51624011
2428,Queens,NY,-1,Hazardous,D,D1,-1,0,0,#d9838d,0.039017994,7.56E-05,39.01374206,1.819709856,40.70281361,1.905956626,40.11377483,1.626635403,4.099756691,9.577308692,77.21411192,12.33801695
2476,Queens,NY,-1,Hazardous,D,D10,-1,0,0,#d9838d,0.058504424,8.13E-05,40.16960249,0.146064543,41.61713396,0.359561516,41.01100508,0.484009682,0.99103139,4.185701726,80.72869955,7.313322913
2437,Queens,NY,-1,Hazardous,D,D11,-1,0,0,#d9838d,0.029847666,3.39E-05,39.22964699,0.22900734,40.67205143,0.0512703,41.46759559,0.072632925,3.839572193,8.292509076,74.68449198,16.51905156
2451,Queens,NY,-1,Hazardous,D,D12,-1,0,0,#d9838d,0.027856469,4.39E-05,38.04103054,0.103395105,39.5552134,0.195681645,40.19438314,0.651987315,1.033333333,5.200854631,82.92916667,10.24609597
2486,Queens,NY,-1,Hazardous,D,D13,-1,0,0,#d9838d,0.090592159,0.000103696,39.40781128,1.200090366,41.03521606,1.553670804,40.81646278,2.35902739,2.721541156,9.035707046,79.04553415,16.47025744
2524,Queens,NY,-1,Hazardous,D,D14,-1,0,0,#d9838d,0.057353978,0.000182545,39.61519965,0.357244576,42.44207309,0.730141417,40.97898963,0.935092814,4.647294589,7.91980393,72.89078156,10.62520047
2527,Queens,NY,-1,Hazardous,D,D15,-1,0,0,#d9838d,0.018079437,1.37E-05,39.79874732,0,43.80466676,0,44.17381292,0,7.208333333,11.05156789,73.98611111,19.48681396
2525,Queens,NY,-1,Hazardous,D,D16,-1,0,0,#d9838d,0.06231874,0.000189489,39.42143589,0.721935658,41.99444539,0.899426047,40.70642152,0.746041731,6.93731919,9.595026725,67.10800386,12.60534792
2523,Queens,NY,-1,Hazardous,D,D17,-1,0,0,#d9838d,0.024822092,3.13E-05,41.39325365,0.75880044,43.61154863,0.11792169,42.58870615,0.303349275,0.715976331,3.061854317,80.16568047,7.719705419
2526,Queens,NY,-1,Hazardous,D,D18,-1,0,0,#d9838d,0.048483124,0.000128316,40.2624587,1.319148596,43.34836109,1.921831708,41.73078313,1.791373149,5.497150997,7.755477276,70.56267806,10.35060193
2568,Queens,NY,-1,Hazardous,D,D19,-1,0,0,#d9838d,0.038827668,8.65E-05,39.53179996,1.193865703,42.1188993,0.788477726,41.111267,2.084165548,6.275789474,8.533386022,66.85894737,11.00292301
2431,Queens,NY,-1,Hazardous,D,D2,-1,0,0,#d9838d,0.028394946,2.98E-05,38.87502742,1.181780415,40.03544521,1.315083195,40.55327524,1.306538145,1.381818182,4.161108138,82.6,5.596319137
2569,Queens,NY,-1,Hazardous,D,D20,-1,0,0,#d9838d,0.017484168,1.50E-05,39.2655362,0,42.61690481,0,42.38789747,0,4.951219512,9.312858196,67.2804878,16.79232867
2539,Queens,NY,-1,Hazardous,D,D21,-1,0,0,#d9838d,0.033232627,4.54E-05,38.73403409,2.016004583,40.77117401,2.243972866,38.86505819,1.129856255,5.589641434,10.92727372,70.76494024,19.67739126
2540,Queens,NY,-1,Hazardous,D,D22,-1,0,0,#d9838d,0.038421114,3.96E-05,38.81606657,0.51441201,41.53595599,0.340947495,41.41547078,0.03076218,3.322429907,24.64521644,82.47196262,9.877126359
2541,Queens,NY,-1,Hazardous,D,D23,-1,0,0,#d9838d,0.064224604,0.000155021,40.82329882,0.938492381,43.07791026,1.532099525,41.70749786,1.408101461,3.54,6.304726518,75.79882353,11.50736842
2542,Queens,NY,-1,Hazardous,D,D24,-1,0,0,#d9838d,0.023462183,2.09E-05,43.15524296,0,45.64868855,0,45.31201358,0,0.094827586,1.016912571,86.75862069,4.424891757
2544,Queens,NY,-1,Hazardous,D,D25,-1,0,0,#d9838d,0.032363097,3.36E-05,41.80341605,0,44.9052692,0,43.49533595,0,0.060773481,0.815361804,87.0718232,4.083429862
2547,Queens,NY,-1,Hazardous,D,D26,-1,0,0,#d9838d,0.075210372,0.000150908,39.03335498,2.760798588,40.94061014,2.894449405,39.45914262,2.632570282,7.910519952,14.35258966,58.26964933,22.70809635
2545,Queens,NY,-1,Hazardous,D,D27,-1,0,0,#d9838d,0.006905552,2.88E-06,,,,,,,0,0,76.3125,17.62001259
2546,Queens,NY,-1,Hazardous,D,D28,-1,0,0,#d9838d,0.022863448,1.65E-05,40.0687709,0.29394972,42.07856666,0.60840756,41.75300026,0.973281195,1.088888889,3.491718598,51.41111111,24.94478099
2572,Queens,NY,-1,Hazardous,D,D29,-1,0,0,#d9838d,0.010306237,6.53E-06,34.33504235,0,35.23056359,0,35.27670686,0,15.43243243,19.05403489,39.94594595,29.87084445
2435,Queens,NY,-1,Hazardous,D,D3,-1,0,0,#d9838d,0.083800286,9.57E-05,39.80216534,1.368485422,41.51886589,1.165754355,41.76410882,0.321050618,1.527619048,5.761092741,84.04571429,8.236608509
2573,Queens,NY,-1,Hazardous,D,D30,-1,0,0,#d9838d,0.008336657,4.70E-06,,,,,,,3.538461538,5.943521161,74.5,5.307831659
2537,Queens,NY,-1,Hazardous,D,D31,-1,0,0,#d9838d,0.028383851,4.20E-05,38.77761385,2.895917445,39.43729171,4.295596635,36.66356848,4.246035345,14.80349345,23.8894979,65.35371179,25.97532835
2588,Queens,NY,-1,Hazardous,D,D32,-1,0,0,#d9838d,0.061588843,9.12E-05,32.99432401,1.561071187,32.9511715,1.15136701,33.88044569,2.372946077,5.887775551,18.18584286,52.25450902,36.46313859
2582,Queens,NY,-1,Hazardous,D,D33,-1,0,0,#d9838d,0.023110733,1.41E-05,37.3856252,0,39.88932485,0,37.73597225,0,0.945205479,4.080996423,74.52054795,12.27438539
2577,Queens,NY,-1,Hazardous,D,D34,-1,0,0,#d9838d,0.029438786,1.29E-05,,,,,,,8.851351351,9.756054852,68.89189189,14.26161695
2580,Queens,NY,-1,Hazardous,D,D35,-1,0,0,#d9838d,0.029261127,3.18E-05,,,,,,,1.052941176,3.93814194,23.03529412,34.4140693
2434,Queens,NY,-1,Hazardous,D,D4,-1,0,0,#d9838d,0.083784492,0.000177622,40.12516823,1.800209397,41.01820364,1.960669884,40.29824433,1.01147462,0.470888662,3.86888274,84.17364658,5.490867158
2471,Queens,NY,-1,Hazardous,D,D5,-1,0,0,#d9838d,0.045626882,7.20E-05,40.68316,0.586592009,41.97047178,0.323809762,40.92583942,0.250795398,1.106060606,3.991008029,77.71464646,7.395527424
2472,Queens,NY,-1,Hazardous,D,D6,-1,0,0,#d9838d,0.0397734,8.51E-05,39.54866219,0.277927742,41.15399225,0.238429864,40.49545373,0.323968479,0.446854664,2.333360781,77.68329718,7.427124087
2473,Queens,NY,-1,Hazardous,D,D7,-1,0,0,#d9838d,0.030069824,5.07E-05,40.35161206,0.038452725,41.73249214,0.137575305,40.63103519,0.12988476,2.708633094,8.429436108,75.60071942,11.05230857
2475,Queens,NY,-1,Hazardous,D,D8,-1,0,0,#d9838d,0.04101939,6.83E-05,40.25377123,0.191898214,41.84485954,0.354194899,40.75835644,0.41250117,0.644562334,3.444278442,81.74801061,6.377401458
2474,Queens,NY,-1,Hazardous,D,D9,-1,0,0,#d9838d,0.035948513,4.85E-05,39.71614517,0.673648204,41.36932751,0.523037106,39.85115696,1.082727037,1.72761194,5.906963912,80.17164179,7.799278688
3705,Staten Island,NY,-1,Best,A,A1,-1,0,0,#76a865,0.025690723,2.41E-05,38.78017736,0,39.68937068,0,35.95176581,0,42.15267176,24.12197797,31.27480916,21.32269458
3708,Staten Island,NY,-1,Best,A,A2,-1,0,0,#76a865,0.048354176,5.81E-05,34.93718354,1.095900876,36.80911916,1.01151193,35.66863982,0.767152404,35.30218069,22.67195892,40.51401869,20.10255536
3686,Staten Island,NY,-1,Best,A,A3,-1,0,0,#76a865,0.098290888,0.000269352,34.07623415,2.787223786,35.80468414,2.800134948,35.54972121,2.212098777,46.83783784,28.03032963,29.53648649,23.0208488
3706,Staten Island,NY,-1,Best,A,A4,-1,0,0,#76a865,0.020161647,2.29E-05,36.72252932,0,36.84216002,0,37.3343549,0,37.152,19.4837598,39,18.53515579
3707,Staten Island,NY,-1,Still Desirable,B,B1,-1,0,0,#7cb5bd,0.046233052,0.000108045,38.29584393,1.34421675,39.88795764,1.434504106,39.74098278,0.896258941,21.84094755,15.94475706,55.63790186,16.94833949
3679,Staten Island,NY,-1,Still Desirable,B,B10,-1,0,0,#7cb5bd,0.021487305,2.20E-05,38.84768326,0.457160175,40.67376044,0.55030122,39.3672223,0.392217795,17.9338843,10.33307738,59.31404959,10.06428351
3675,Staten Island,NY,-1,Still Desirable,B,B11,-1,0,0,#7cb5bd,0.026673404,3.80E-05,38.38368704,0,40.64128925,0,35.8475162,0,24.85576923,16.35773063,47.06730769,16.83932235
3671,Staten Island,NY,-1,Still Desirable,B,B12,-1,0,0,#7cb5bd,0.051663641,0.000105943,37.43062913,1.208359371,39.50821562,1.471024174,38.46458018,0.879449454,24.61149826,19.2227165,50.88675958,19.34365715
3668,Staten Island,NY,-1,Still Desirable,B,B13,-1,0,0,#7cb5bd,0.013758023,9.45E-06,,,,,,,19.18,21.58211296,33.66,21.55607571
3662,Staten Island,NY,-1,Still Desirable,B,B14,-1,0,0,#7cb5bd,0.01753254,1.62E-05,,,,,,,34.6741573,24.69307108,39.1011236,20.42252829
3693,Staten Island,NY,-1,Still Desirable,B,B15,-1,0,0,#7cb5bd,0.015160938,1.33E-05,32.40557006,0,34.37264057,0,26.62057121,0,24.875,25.70718528,25.30555556,23.60122342
3698,Staten Island,NY,-1,Still Desirable,B,B2,-1,0,0,#7cb5bd,0.038184624,3.84E-05,35.88853244,0,37.30871975,0,35.28866993,0,31.90995261,18.66711241,46.43127962,19.39142254
3716,Staten Island,NY,-1,Still Desirable,B,B3,-1,0,0,#7cb5bd,0.02865702,5.01E-05,39.72753857,0.662388309,41.83873559,0.967105725,40.90732514,1.249738094,12.16788321,9.245688948,63.69343066,12.42822432
3714,Staten Island,NY,-1,Still Desirable,B,B4,-1,0,0,#7cb5bd,0.029074814,5.06E-05,37.9097216,0.478421741,39.30484343,0.345349722,39.28490498,0.148315639,21.78057554,11.34476317,52.87410072,12.20458009
3709,Staten Island,NY,-1,Still Desirable,B,B5,-1,0,0,#7cb5bd,0.021674838,2.89E-05,36.37132777,1.422750825,38.44777492,1.624414005,38.53151641,1.166399325,25.97515528,21.45917699,54.10559006,17.48916345
3704,Staten Island,NY,-1,Still Desirable,B,B6,-1,0,0,#7cb5bd,0.073704773,0.000111022,36.73406514,2.369637543,37.80775067,2.161462923,37.94831674,1.003794538,24.12956811,16.76384209,53.77574751,17.71707915
3685,Staten Island,NY,-1,Still Desirable,B,B7,-1,0,0,#7cb5bd,0.025625074,3.54E-05,38.88613598,0.34692903,40.20036467,0.65967786,38.97756802,0.354619575,21.34536082,11.7306236,54.0257732,12.603974
3688,Staten Island,NY,-1,Still Desirable,B,B8,-1,0,0,#7cb5bd,0.041735378,6.89E-05,38.18458738,0.077759955,39.53214176,0.65455083,37.30786525,0.547737705,20.16,19.47089452,50.36266667,23.169329
3680,Staten Island,NY,-1,Still Desirable,B,B9,-1,0,0,#7cb5bd,0.035943187,4.65E-05,38.05043009,0.7348743,39.83378203,0.255496995,38.53237091,0.09057753,18.8452381,10.38332078,58.55952381,12.39753354
3701,Staten Island,NY,-1,Definitely Declining,C,C1,-1,0,0,#ffff00,0.036924414,5.73E-05,33.6087131,1.30055661,36.43541564,1.19801601,36.13377538,1.186907445,20.7571885,16.52779113,62.0543131,16.50656532
3697,Staten Island,NY,-1,Definitely Declining,C,C10,-1,0,0,#ffff00,0.026111563,2.26E-05,35.21261899,2.355870285,36.49950352,2.280673845,37.49500184,3.01127562,41.03278689,24.06784619,34.68852459,20.30346896
3692,Staten Island,NY,-1,Definitely Declining,C,C11,-1,0,0,#ffff00,0.050760345,7.38E-05,38.46742853,1.02882402,40.91302184,1.00489788,39.2305015,0.704966625,14.88118812,17.48098663,57.64356436,19.7489612
3690,Staten Island,NY,-1,Definitely Declining,C,C12,-1,0,0,#ffff00,0.033109453,5.27E-05,38.68048511,0.399604725,40.96087412,0.835910317,38.93740628,0.375393944,19.07665505,20.33913801,58.03484321,21.72777823
3689,Staten Island,NY,-1,Definitely Declining,C,C13,-1,0,0,#ffff00,0.013238803,9.65E-06,36.19615424,0,37.51209194,0,36.42687059,0,20.30188679,20.35031399,45.45283019,20.87750983
3684,Staten Island,NY,-1,Definitely Declining,C,C14,-1,0,0,#ffff00,0.104229877,0.000223658,39.11215255,0.791180153,40.74190721,0.711239493,39.56375845,0.534863479,15.80195599,13.37347895,61.38141809,13.5908155
3682,Staten Island,NY,-1,Definitely Declining,C,C15,-1,0,0,#ffff00,0.087312662,0.000165713,38.65969216,1.552546229,41.1674507,2.164806319,39.24054193,1.517543849,14.17549669,14.57132477,59.2803532,16.34063416
3678,Staten Island,NY,-1,Definitely Declining,C,C16,-1,0,0,#ffff00,0.067160548,0.000124328,39.18435823,0.776057565,41.47998591,0.69224122,39.40268425,0.77478433,18.79360465,19.18698883,58.82703488,19.3936582
3674,Staten Island,NY,-1,Definitely Declining,C,C17,-1,0,0,#ffff00,0.0210316,2.60E-05,37.92396335,0,40.6669244,0,37.56165323,0,12.59027778,8.151698182,58.22916667,9.040586533
3676,Staten Island,NY,-1,Definitely Declining,C,C18,-1,0,0,#ffff00,0.081605785,9.37E-05,38.41718364,0.965619143,40.50969548,0.880532637,39.0775451,0.259121086,20.68897638,20.58910242,57.1515748,18.9874248
3672,Staten Island,NY,-1,Definitely Declining,C,C19,-1,0,0,#ffff00,0.032414923,4.04E-05,39.00405767,0,41.33856533,0,39.60221117,0,18.15315315,17.97405447,57.86036036,18.88546216
3699,Staten Island,NY,-1,Definitely Declining,C,C2,-1,0,0,#ffff00,0.027140925,2.32E-05,38.69985389,0.50928498,40.00553753,1.11769254,40.1713115,0.84595995,17.80952381,19.84811945,64.98412698,16.48760194
3670,Staten Island,NY,-1,Definitely Declining,C,C20,-1,0,0,#ffff00,0.058025329,8.38E-05,38.88305976,1.105763755,40.55344614,1.269354151,38.97295369,0.664481373,14.22993492,10.9666846,62.07809111,12.61968203
3666,Staten Island,NY,-1,Definitely Declining,C,C21,-1,0,0,#ffff00,0.076865974,0.000128052,38.86648237,0.786302946,40.80834498,0.906219272,39.8970154,0.791422492,15.40343348,14.15124879,62.92989986,13.76200556
3665,Staten Island,NY,-1,Definitely Declining,C,C22,-1,0,0,#ffff00,0.099877896,0.00015402,36.20689659,3.099964151,37.99696249,3.532315806,37.97498951,2.828194678,30.72889417,28.85772612,45.11533888,23.87227737
3661,Staten Island,NY,-1,Definitely Declining,C,C23,-1,0,0,#ffff00,0.18716711,0.000396066,36.13096772,2.130972622,37.92957867,2.263381681,37.36316393,1.997281517,28.12839393,26.20195889,44.72664519,23.92046211
3658,Staten Island,NY,-1,Definitely Declining,C,C24,-1,0,0,#ffff00,0.077535762,0.000186624,38.27670301,0.7018129,39.98485851,0.834524283,38.93347556,0.633439456,17.68549172,14.68213726,55.95131451,15.23888219
3702,Staten Island,NY,-1,Definitely Declining,C,C3,-1,0,0,#ffff00,0.033104683,5.19E-05,35.97967964,1.127435795,37.22383892,1.033163413,36.52428416,1.459381135,31.58450704,21.15377733,45.26760563,19.56081722
3703,Staten Island,NY,-1,Definitely Declining,C,C4,-1,0,0,#ffff00,0.015358499,1.36E-05,35.94663878,0,37.44373154,0,37.88978315,0,26.32894737,21.51461447,55.02631579,19.12216521
3712,Staten Island,NY,-1,Definitely Declining,C,C5,-1,0,0,#ffff00,0.088163187,0.000158202,37.72864792,1.289996675,39.49307867,1.365725066,39.36465878,0.840783792,21.83084005,16.8887967,54.47410817,17.62480296
3721,Staten Island,NY,-1,Definitely Declining,C,C6,-1,0,0,#ffff00,0.131736203,0.000332955,39.52802003,1.33410884,41.21722562,1.392589828,40.54176455,1.198555972,12.56690333,12.06046016,64.8448935,14.9128169
3715,Staten Island,NY,-1,Definitely Declining,C,C7,-1,0,0,#ffff00,0.082111933,0.000173653,39.05319171,0.612018738,41.23517023,0.638652029,40.469961,1.179678351,14.41009464,12.15073845,63.89274448,12.38486661
3713,Staten Island,NY,-1,Definitely Declining,C,C8,-1,0,0,#ffff00,0.042987922,9.60E-05,38.17689683,0.325451628,40.0573775,0.614224207,39.07925411,0.3332029,13.88653846,13.13936436,62.44423077,15.68502364
3710,Staten Island,NY,-1,Definitely Declining,C,C9,-1,0,0,#ffff00,0.019806591,1.54E-05,34.55379563,0,37.39246124,0,35.73984857,0,27.71084337,15.90751139,47.02409639,17.73769786
3695,Staten Island,NY,-1,Hazardous,D,D1,-1,0,0,#d9838d,0.040098269,9.25E-05,39.78678425,0.476133989,41.89296817,0.497378404,40.83133116,0.539335397,10.72888016,11.61739309,65.39882122,12.98873921
3711,Staten Island,NY,-1,Hazardous,D,D10,-1,0,0,#d9838d,0.024545796,3.28E-05,37.73768126,0,41.43085187,0,40.83953441,0,11.58522727,11.39944217,68.55113636,13.35901546
3683,Staten Island,NY,-1,Hazardous,D,D11,-1,0,0,#d9838d,0.060387768,9.44E-05,39.31381573,0.677754857,41.87604898,0.979778951,39.486853,1.337245723,8.042471042,15.15053586,60.68339768,21.91709886
3681,Staten Island,NY,-1,Hazardous,D,D12,-1,0,0,#d9838d,0.04776746,9.84E-05,38.46640312,1.513766005,41.49989587,1.838720865,39.29834919,3.397581925,6.277985075,10.93685917,57.17723881,24.05141268
3677,Staten Island,NY,-1,Hazardous,D,D13,-1,0,0,#d9838d,0.03587517,4.70E-05,34.29573512,0.6879694,35.18271131,0.605681117,35.34791561,0.456998207,51.96138996,27.61592721,24.27799228,21.62063084
3720,Staten Island,NY,-1,Hazardous,D,D14,-1,0,0,#d9838d,0.056470743,0.000108947,36.52812943,1.737516678,38.94466957,1.30320074,39.59665689,0.927934497,16.85524126,22.2818284,56.29284526,26.43456302
3673,Staten Island,NY,-1,Hazardous,D,D15,-1,0,0,#d9838d,0.032377911,6.68E-05,31.02867767,3.449451529,32.01306743,3.381714187,29.6950802,4.987384297,5.834688347,13.38353517,16.25474255,26.03135769
3669,Staten Island,NY,-1,Hazardous,D,D16,-1,0,0,#d9838d,0.036201866,5.72E-05,33.21136828,6.455785275,34.06758229,6.057585945,36.87890374,2.214022455,7.759615385,10.48945917,54.59294872,25.29830392
3664,Staten Island,NY,-1,Hazardous,D,D17,-1,0,0,#d9838d,0.033287379,5.00E-05,30.52565906,1.265563158,31.69860959,1.380704045,31.76924867,0.950881792,50.35507246,35.61962916,18.44202899,22.041962
3663,Staten Island,NY,-1,Hazardous,D,D18,-1,0,0,#d9838d,0.029723585,4.05E-05,33.51642656,1.780858944,34.8733805,2.639170014,32.37993491,2.513398114,16.58823529,20.73682643,44.38461538,25.8082301
3657,Staten Island,NY,-1,Hazardous,D,D19,-1,0,0,#d9838d,0.060213359,6.53E-05,36.48754045,1.550140137,38.55800606,1.904501682,38.51998059,2.164753922,17.43220339,16.32896917,58.85875706,17.49535353
3696,Staten Island,NY,-1,Hazardous,D,D2,-1,0,0,#d9838d,0.076604086,0.000159986,38.38976352,1.003852331,40.25999013,1.466160697,38.9579144,1.488601231,15.80848624,19.34219307,61.77293578,20.52630448
3659,Staten Island,NY,-1,Hazardous,D,D20,-1,0,0,#d9838d,0.034814635,3.61E-05,35.54416693,1.395406665,37.7957876,1.76369832,38.01881341,0.082886985,38.18592965,35.08526016,37.30653266,30.68811348
3660,Staten Island,NY,-1,Hazardous,D,D21,-1,0,0,#d9838d,0.026950967,4.60E-05,37.28821163,1.82351367,39.83378203,1.398824685,38.30421808,2.116608885,30.172,30.71908879,48.352,27.45257904
3667,Staten Island,NY,-1,Hazardous,D,D22,-1,0,0,#d9838d,0.028963946,3.78E-05,37.51123744,0.229861845,40.30205077,0.416143935,40.52507657,0.68531301,14.24271845,15.28338524,63.83009709,14.53971017
3691,Staten Island,NY,-1,Hazardous,D,D23,-1,0,0,#d9838d,0.020866396,1.95E-05,36.65929595,0.87672213,38.7870134,1.1108565,37.6923925,0.185427585,16.53773585,18.33245114,57.89622642,17.30957268
3700,Staten Island,NY,-1,Hazardous,D,D3,-1,0,0,#d9838d,0.120602949,0.000132095,36.00154073,2.58632302,37.92268159,2.71398022,37.45654912,2.28051344,23.81404959,25.03105225,56.05647383,25.09114747
3694,Staten Island,NY,-1,Hazardous,D,D4,-1,0,0,#d9838d,0.054799664,0.000127903,38.05360397,1.405564416,40.70012802,1.400830683,39.43692549,1.534261551,9.370898716,12.52999632,66.80171184,17.79216829
3687,Staten Island,NY,-1,Hazardous,D,D5,-1,0,0,#d9838d,0.07896017,0.000161369,38.9750045,0.696730282,41.36377323,0.600984216,39.37192207,0.935254747,7.450736127,10.11074617,65.93544734,14.79912001
3722,Staten Island,NY,-1,Hazardous,D,D6,-1,0,0,#d9838d,0.040459131,6.51E-05,38.8496771,0.695578034,41.12038172,0.581104169,40.16447546,0.769458227,12.85875706,15.09769858,63.60169492,18.79827788
3719,Staten Island,NY,-1,Hazardous,D,D7,-1,0,0,#d9838d,0.140640096,0.000441188,38.28790818,1.679439941,40.7865551,1.998936628,39.8823402,2.207006905,11.11308296,16.09068163,63.95914156,20.42368959
3717,Staten Island,NY,-1,Hazardous,D,D8,-1,0,0,#d9838d,0.052622992,0.000141714,38.24468756,1.250059788,39.73893197,1.696992142,38.99152493,1.985145798,17.27295918,15.86315791,65.39923469,14.3897125
3718,Staten Island,NY,-1,Hazardous,D,D9,-1,0,0,#d9838d,0.072899394,8.28E-05,40.75750193,1.629008843,43.6153939,2.042937349,42.47206621,1.704887328,9.905286344,13.89759014,69.52643172,13.18733063
