area_id,city_id,grade,fill,label,name,category_i,sheets,area,bounds,label_coor,residentia,commercial,industrial,Shape_Leng,Shape_Area,temp2021_mean,temp2021_std,temp2017_mean,temp2017_std,temp2013_mean,temp2013_std,tree2021_mean,tree2021_std,imperv2021_mean,imperv2021_std,tree2013_mean,tree2013_std,imperv2013_mean,imperv2013_std,averagetemp_mean,averagetemp_std
6055.0,128.0,C,#ffff00,,,3.0,0.0,0.00103910058193,"[[45.46146,-122.62565],[45.5628,-122.56823]]","[45.469,-122.609]",-1,0,0,0.298889204681,0.00103896785,40.60004107292859,1.885251001881941,41.274916914714304,1.7175518539106018,39.77744166200002,1.5017901086733518,21.522312138728324,16.43463913324968,52.31678596167167,15.689843131108029,22.242543352601157,11.41845754566303,52.20526437312399,15.716935291152323,40.5507998832143,1.577880466667382
6058.0,128.0,B,#7cb5bd,,,2.0,0.0,0.000423278365128,"[[45.46196,-122.72521],[45.50698,-122.67396]]","[45.479,-122.705]",-1,0,0,0.298086738531,0.0004233837,35.14276320125001,2.4730518005837574,36.26558277125002,2.189620212752606,35.33543034250002,2.242317196182734,39.775754126351735,18.524724623657605,42.911413969335605,19.687106394637148,41.379055207740464,17.48572145735657,43.06076093128904,19.624969009409984,35.58125877166669,2.2610134449924044
6108.0,128.0,A,#76a865,A1,Gainsborough,1.0,1.0,1.02836763444e-05,"[[45.5665,-122.67813],[45.56962,-122.67478]]","[45.568,-122.676]",-1,0,0,0.0128407936701,1.02891e-05,,,,,,,28.125,13.7031398470083,53.854166666666664,9.989556178273833,29.125,9.483812963852321,54.166666666666664,9.719682207882222,,
6064.0,128.0,A,#76a865,A10,South Portland Heights,1.0,1.0,8.38512862058e-05,"[[45.50091,-122.7128],[45.51038,-122.695]]","[45.507,-122.703]",-1,0,0,0.0626773923942,8.388875e-05,29.917678752500024,1.7314300419576765,31.252842815000022,1.6396540815110616,30.54179971000002,1.6052001932572462,55.27635327635328,14.140543408864733,26.66096866096866,14.413970675308297,57.504273504273506,12.596945271382648,26.903133903133902,14.546389743373286,30.570773759166695,1.642715208206619
6135.0,128.0,A,#76a865,A11,Council Crest,1.0,1.0,7.51778891772e-05,"[[45.49061,-122.71056],[45.50029,-122.69549]]","[45.495,-122.701]",-1,0,0,0.0571790669878,7.51595e-05,28.19812985750002,1.8167025104660988,30.51113247500002,2.0697458201049432,29.067683640000023,1.932879107595487,55.77635782747604,17.24104110996971,22.394904458598727,17.47017766920015,58.21086261980831,15.505134990607894,22.656050955414013,17.721739277051025,29.25898199083336,1.9114032336725615
6060.0,128.0,A,#76a865,A12,Tervilliger Heights,1.0,1.0,4.73606839651e-05,"[[45.47894,-122.69249],[45.48532,-122.6833]]","[45.483,-122.687]",-1,0,0,0.0293436790595,4.73953499999e-05,32.35600877000003,0.0,33.32501744000001,0.0,33.444648140000005,0.0,53.3,15.049141725250204,25.561904761904763,15.885557267694937,54.38095238095238,13.8281155637835,26.52857142857143,16.35212649218219,33.041891450000016,0.0
6049.0,128.0,A,#76a865,A13,Eastmoreland,1.0,1.0,0.000116057521307,"[[45.4649,-122.63707],[45.47937,-122.62614]]","[45.472,-122.631]",-1,0,0,0.0453646214297,0.00011604495,32.716691261428586,1.9240024584681803,34.46932170714288,1.0871986004511112,33.28155975714288,1.3017457471551601,43.59504132231405,12.992896032538013,33.650826446280995,12.000859961388363,46.27479338842975,12.427180660640115,34.392561983471076,11.947493013348419,33.48919090857145,1.359352741196415
6041.0,128.0,A,#76a865,A14,Palatine Hills,1.0,1.0,0.000156700338471,"[[45.43726,-122.67485],[45.45372,-122.65976]]","[45.444,-122.667]",-1,0,0,0.0656880096529,0.0001567065,30.102204360000012,0.9833148697369151,30.793214070000015,1.404347385407537,29.921808860000013,0.8560229405581913,56.193498452012385,18.90635275372117,19.350850077279752,18.940048466357506,57.913312693498455,17.95234254792255,19.11591962905719,18.50837589862138,30.27240909666668,0.9410959277245808
6042.0,128.0,A,#76a865,A15,Riverview and Abernathy Heights,1.0,1.0,0.000138493745327,"[[45.43606,-122.66237],[45.44953,-122.64683]]","[45.443,-122.657]",-1,0,0,0.0514081432005,0.0001385086,30.683635671875027,1.4321716301414882,30.754025521250018,1.0406218366255948,29.946304670000018,1.2372977986749067,48.23519163763066,25.07164817151927,15.611498257839722,13.17255912050115,49.76655052264808,24.89408636975315,15.564459930313589,13.183052880304702,30.46132195437502,1.2017396998510474
6040.0,128.0,A,#76a865,A16,Dunthorp,1.0,1.0,0.000286605122634,"[[45.42333,-122.67449],[45.43726,-122.65133]]","[45.43,-122.663]",-1,0,0,0.0700351946742,0.0002865788,29.35152171750002,2.6235298888469134,30.801854065000025,2.4941674409727517,29.61557958666669,2.2343275482514513,59.088851634534784,19.034062679869646,13.087175188600167,14.011817960753183,61.36211232187762,18.567282500253377,13.12070410729254,14.224950589942129,29.922985123055582,2.4337977151338204
6124.0,128.0,A,#76a865,A2,The Alameda,1.0,1.0,0.000110173231801,"[[45.54141,-122.64292],[45.55394,-122.61343]]","[45.551,-122.629]",-1,0,0,0.0803991502576,0.00011017285,38.452901945000015,1.3610018045983476,39.50333273428574,1.1061489746671789,38.24143230285717,0.9492220147205842,34.83947939262473,11.105110261294975,51.30869565217391,12.63640059660215,35.431670281995665,10.938508626081966,51.66304347826087,12.237928545512355,38.73255566071431,1.088856402011119
6123.0,128.0,A,#76a865,A3,Dolph Park,1.0,1.0,5.81156715484e-05,"[[45.53704,-122.63828],[45.54835,-122.63079]]","[45.54,-122.634]",-1,0,0,0.0407460071162,5.81459999997e-05,36.90767207000002,0.6276552346730476,38.671940060000026,1.0000111861468535,37.40651310000003,0.9709451350341011,35.13807531380753,8.926113144990547,53.66108786610879,10.026230893487245,34.93305439330544,7.594572183733928,54.1673640167364,9.609815727866938,37.66204174333336,0.8652760865088619
6096.0,128.0,A,#76a865,A4,South Rose City Park,1.0,1.0,3.10431825319e-05,"[[45.53495,-122.60479],[45.54092,-122.59611]]","[45.537,-122.601]",-1,0,0,0.033088175474,3.09933e-05,,,,,,,27.62015503875969,8.880947116236497,54.753846153846155,7.063515727870209,27.023255813953487,7.601983743835286,54.753846153846155,7.063515727870209,,
6072.0,128.0,A,#76a865,A5,Westover Terrace,1.0,1.0,6.11165548335e-05,"[[45.52368,-122.71529],[45.5333,-122.69859]]","[45.529,-122.706]",-1,0,0,0.0578385930918,6.11540500001e-05,33.758465101250025,1.5575221790255402,34.60634768750002,1.1583648946851732,34.096350620000024,1.1751280015436614,42.992,16.844463066539106,38.212,19.788255506739347,44.852,15.681010681713088,38.032,19.75851654350599,34.15372113625002,1.2911462007123193
6073.0,128.0,A,#76a865,A6,Kings Heights,1.0,1.0,3.01234889637e-05,"[[45.52337,-122.71525],[45.52991,-122.70308]]","[45.527,-122.71]",-1,0,0,0.0343985956106,3.01245500002e-05,34.35555047000004,0.0,35.0613716,0.0,34.13394884000004,0.0,46.300813008130085,12.546456733866743,29.739837398373982,15.567757694939804,46.78048780487805,12.595351178381723,29.943089430894307,15.66587135829879,34.516956970000024,0.0
6074.0,128.0,A,#76a865,A7,Arlington Heights,1.0,1.0,5.7096694242e-05,"[[45.51815,-122.72355],[45.52399,-122.70465]]","[45.521,-122.712]",-1,0,0,0.0459844521965,5.709075e-05,27.80769228125003,1.6291059248672162,28.410759185000025,1.6229623610359756,28.01255985500001,1.3532470681670554,60.74782608695652,16.53919901233897,17.757575757575758,16.72238619885496,61.78695652173913,16.096794289218398,18.00865800865801,17.08395144281199,28.07700377375002,1.5309950248731263
6075.0,128.0,A,#76a865,A8,The Highlands,1.0,1.0,3.76509992054e-05,"[[45.5071,-122.72605],[45.51546,-122.71981]]","[45.513,-122.722]",-1,0,0,0.0287499244912,3.76556000004e-05,27.76560791000002,1.0236969899999977,29.484017465000022,1.904691645000014,28.445793890000026,1.7061616499999932,57.5375,19.1920841429481,22.3375,17.002164384277666,59.29375,18.82405272351042,22.90625,17.46095532717211,28.565139755000022,1.544850095000001
6063.0,128.0,A,#76a865,A9,Green Hills,1.0,1.0,1.07697711308e-05,"[[45.50132,-122.72332],[45.50386,-122.7156]]","[45.502,-122.719]",-1,0,0,0.0176782537976,1.07709499999e-05,,,,,,,47.5,11.13654916357519,25.613636363636363,10.527487633228006,49.11363636363637,11.840254736761576,25.40909090909091,10.768890762955246,,
6113.0,128.0,B,#7cb5bd,B1,,2.0,1.0,0.000140674563999,"[[45.5776,-122.71336],[45.58424,-122.68273]]","[45.581,-122.686]",-1,0,0,0.0798300956585,0.0001408295,38.560284740000014,1.8379432549335022,40.91681964000001,1.3993474292622439,39.42517039333335,1.3773420522967474,23.99829931972789,11.020929246729974,58.18305084745763,14.357908734725356,24.64965986394558,10.30007512124815,58.30508474576271,14.175837926733697,39.63409159111112,1.4410412584169494
6125.0,128.0,B,#7cb5bd,B10,Irvington and Alameda,2.0,1.0,9.83624738794e-05,"[[45.54296,-122.65029],[45.55425,-122.63067]]","[45.55,-122.648]",-1,0,0,0.0848011340162,9.82698000007e-05,36.54023492000003,0.760034469994637,38.83714436000003,0.6178558987828185,37.707298860000016,0.5319634733950179,33.09068010075567,9.753218872699042,55.0075,10.532209822729511,33.221662468513856,9.429373381871008,56.1525,9.343138859612438,37.69489271333336,0.6353534025333435
6126.0,128.0,B,#7cb5bd,B11,Irvington,2.0,1.0,0.000220644869016,"[[45.53542,-122.65769],[45.54816,-122.63817]]","[45.542,-122.647]",-1,0,0,0.0640258235053,0.00022067545,36.63136431781251,0.7461330806855707,37.91637961812501,0.679705679722744,36.976246096250016,0.7143530873222637,35.42231947483589,11.49926192487905,52.30372807017544,13.136716463212034,35.90481400437637,10.458353315328864,54.55263157894737,11.544606172203688,37.174663344062516,0.6669057266706322
6127.0,128.0,B,#7cb5bd,B12,Lower Irvington,2.0,1.0,4.99939648662e-05,"[[45.53141,-122.65067],[45.53469,-122.63121]]","[45.533,-122.649]",-1,0,0,0.0444697669538,4.99529999996e-05,40.90981744625002,1.047225663600637,42.03669591500002,0.6699586227490762,40.53333678500001,0.6607687639975247,23.183168316831683,15.82707023861353,67.9040404040404,12.079947648491144,24.574257425742573,13.428465800511768,67.87878787878788,10.973128544126041,41.15995004875001,0.7625506843795282
6081.0,128.0,B,#7cb5bd,B13,Colonial Heights,2.0,1.0,5.9419048583e-05,"[[45.5057,-122.643],[45.51112,-122.6317]]","[45.508,-122.64]",-1,0,0,0.0332742075989,5.93678000001e-05,38.17881946625002,0.6230338805478897,39.84104531750003,0.5665985151498053,38.77761384500001,0.31574354816371103,30.983805668016196,11.202576197112592,56.34817813765182,13.93508034753132,31.13765182186235,10.874573813242645,57.19838056680162,13.112604708284914,38.932492876250016,0.4730178975435413
6046.0,128.0,B,#7cb5bd,B14,Westmoreland,2.0,1.0,0.000106419848337,"[[45.46779,-122.65936],[45.48339,-122.64127]]","[45.473,-122.645]",-1,0,0,0.0668793305662,0.0001063781,39.02456579000002,1.6390930245834934,40.46127353000002,1.6980975015896753,39.30731200000002,1.651341917048756,29.856502242152466,9.453783751893917,58.12080536912752,11.129648465544323,30.2152466367713,8.249383225058637,58.333333333333336,10.938237564350509,39.597717106666686,1.5700379878055168
6044.0,128.0,B,#7cb5bd,B15,Garthwick,2.0,1.0,5.53135967526e-05,"[[45.4462,-122.65293],[45.45855,-122.64283]]","[45.45,-122.647]",-1,0,0,0.0432587706802,5.52455500001e-05,35.269301150000025,2.751748493933395,35.08415840000001,3.0587167976562344,34.21408242000002,2.572352915344667,40.14977973568282,18.879271840773608,33.00440528634361,21.872376680432353,42.91629955947136,17.753998084396336,32.629955947136565,21.73214151637908,34.85584732333334,2.790624661412341
6050.0,128.0,B,#7cb5bd,B16,Berkeley,2.0,1.0,6.43907403211e-05,"[[45.4644,-122.62658],[45.48071,-122.62142]]","[45.477,-122.624]",-1,0,0,0.0424759901785,6.43046500002e-05,36.544621379000006,2.14162570952281,39.236824832000025,1.0955073501580912,36.99756599600001,1.2679965831728703,38.23297491039426,13.502137973653861,45.125,14.28193476789072,40.13978494623656,12.963078032182295,45.642857142857146,13.982934204936809,37.59300406900002,1.410272243329075
6122.0,128.0,B,#7cb5bd,B17,Grant HI and Hollywood,2.0,1.0,0.000131139727338,"[[45.53539,-122.63831],[45.54625,-122.6079]]","[45.54,-122.623]",-1,0,0,0.0862864132977,0.00013113545,39.03471303687502,1.7318474121531626,39.806865117500024,1.610989134498848,38.46557710250002,1.7700648366471003,30.51012891344383,12.841267377697484,59.33576642335766,13.466111763179253,30.208103130755063,11.576750399351505,60.31386861313869,12.025824902927706,39.102385085625016,1.666932289019879
6121.0,128.0,B,#7cb5bd,B18,Rose City Park,2.0,1.0,0.000110237048802,"[[45.54121,-122.63068],[45.55674,-122.6047]]","[45.553,-122.623]",-1,0,0,0.0804055839774,0.00011020605,40.491750875000015,0.48654112014976464,40.53846381500001,0.5056970087699775,39.20363206000002,0.3640886110242062,27.483516483516482,9.03152310589779,59.09251101321586,7.9378248190425715,27.45054945054945,7.597951916436279,59.059471365638764,7.484991484156982,40.07794891666668,0.43398499449808603
6099.0,128.0,B,#7cb5bd,B19,Laurelhurst,2.0,1.0,0.000209131282839,"[[45.51651,-122.63184],[45.53383,-122.612]]","[45.528,-122.624]",-1,0,0,0.0889515332404,0.00020917215,37.790272158636384,1.3325390771452084,39.24425125727275,0.9789752399736915,37.98036068000001,1.1411060583108779,36.795375722543355,14.205461031755657,53.170138888888886,15.233901246986344,37.1757225433526,12.92661770484374,55.074074074074076,13.445847289324924,38.33829469863638,1.1368501393352095
6107.0,128.0,B,#7cb5bd,B2,Mocks Crest,2.0,1.0,6.73646162365e-05,"[[45.56637,-122.70782],[45.57685,-122.69601]]","[45.574,-122.699]",-1,0,0,0.040575809678,6.73163999999e-05,38.23478954375001,1.2629509282356344,39.424046877500025,0.8350506655420648,38.76194792000002,0.13523394678167047,24.317164179104477,9.420928006063589,56.951492537313435,9.510867586605562,25.62686567164179,7.764895787703541,57.27985074626866,9.32738129212954,38.80692811375002,0.6694184819286138
6097.0,128.0,B,#7cb5bd,B20,Rose City Park,2.0,1.0,0.000133782092929,"[[45.5277,-122.62479],[45.54191,-122.59611]]","[45.535,-122.611]",-1,0,0,0.0861992498419,0.0001338722,41.287484920000026,2.4507552912225647,41.81765780000003,1.95229391486156,41.00227014000002,2.1933679591429405,24.74822695035461,12.511714243467825,62.202127659574465,11.378167273710021,25.664893617021278,11.233787758366729,62.226950354609926,11.347114354532623,41.36913762000003,2.1918918006341044
6095.0,128.0,B,#7cb5bd,B21,Rose City Park,2.0,1.0,0.000227635986599,"[[45.54283,-122.62057],[45.55554,-122.57894]]","[45.549,-122.596]",-1,0,0,0.141424425978,0.00022763445,41.400039425000024,0.8190867955108037,40.96710698000002,0.8794372214399835,39.83024672000003,1.0110303382822865,25.5,8.20716314457806,56.36893203883495,8.97880911963363,26.16559139784946,6.931190135413927,56.29126213592233,8.740003333956063,40.73246437500002,0.8821783386199725
6084.0,128.0,B,#7cb5bd,B22,Mt. Tabor,2.0,1.0,0.000125519047347,"[[45.50545,-122.61262],[45.51773,-122.59785]]","[45.511,-122.606]",-1,0,0,0.0663987507812,0.0001254879,38.52724388000002,2.2333712424380274,39.80021218571431,1.9507779265434548,38.57363129428573,1.9136138688524598,35.04093567251462,12.384368909095196,55.45205479452055,13.8499489809841,35.82846003898636,11.192007075804382,55.87671232876713,13.088680883626495,38.96702912000002,2.0202610700579156
6094.0,128.0,B,#7cb5bd,B23,Rose City Park,2.0,1.0,4.66685297023e-05,"[[45.53769,-122.60479],[45.54383,-122.58896]]","[45.539,-122.603]",-1,0,0,0.0413763978697,4.66783000002e-05,41.533392470000024,1.0807149648033025,41.70144512000001,0.8408981439133818,40.49716274000002,0.9033814334771216,24.174358974358974,9.687970811023327,56.96923076923077,11.3027828170006,24.876923076923077,8.371822750964691,56.85641025641026,11.28692901549932,41.24400011000002,0.9347753194750645
6093.0,128.0,B,#7cb5bd,B24,Rose City Park,2.0,1.0,6.34950269552e-05,"[[45.54154,-122.58898],[45.55196,-122.57849]]","[45.547,-122.583]",-1,0,0,0.0382468066968,6.34639500001e-05,41.20981991000002,2.5687606927165043,41.84101427000002,1.4981517375519635,39.828749940000016,2.23049724683624,20.420454545454547,9.970473368267317,57.946969696969695,12.640911451806593,21.08712121212121,9.019548679354584,57.871212121212125,12.620873344793047,40.959861373333354,2.082411667920951
6119.0,128.0,B,#7cb5bd,B25,Mayword Park,2.0,1.0,5.37782478583e-05,"[[45.5481,-122.56704],[45.55547,-122.55663]]","[45.553,-122.561]",-1,0,0,0.0317084351403,5.377565e-05,38.735743100000015,2.0350614997713214,38.52439553000003,2.006726757871723,38.048341300000025,1.9418535038631537,37.60986547085202,18.565972333315955,49.81165919282511,15.851622780671745,38.699551569506724,16.927816939759104,49.99551569506726,15.519262660426115,38.43615997666669,1.9779356448194094
6076.0,128.0,B,#7cb5bd,B26,Willamette Heights,2.0,1.0,7.7804316662e-05,"[[45.52357,-122.72793],[45.54044,-122.6973]]","[45.535,-122.716]",-1,0,0,0.0961977573245,7.77768000001e-05,32.66106705500002,5.155142639134655,34.157061165714296,5.125219385289168,33.15867380000002,4.8230055711057735,39.511041009463725,24.902662961530947,38.721518987341774,29.36412032139971,41.26813880126183,24.427721763239575,38.674050632911396,29.41773700815514,33.32560067357144,5.016519888772011
6071.0,128.0,B,#7cb5bd,B27,Washington Park,2.0,1.0,1.50050334021e-05,"[[45.51969,-122.70073],[45.52387,-122.69682]]","[45.522,-122.699]",-1,0,0,0.0153713074799,1.50409000001e-05,33.311345360000004,0.0,35.049408529999994,0.0,32.877256820000014,0.0,29.185714285714287,22.762935322356736,62.44285714285714,22.11569301539114,29.0,21.576442179906703,62.82857142857143,21.801029745385506,33.746003570000006,0.0
6065.0,128.0,B,#7cb5bd,B28,Portland Heights,2.0,1.0,6.13345012596e-05,"[[45.5079,-122.70187],[45.51854,-122.68767]]","[45.512,-122.697]",-1,0,0,0.0515166816237,6.13040500001e-05,31.191033620000013,1.8630310301782544,33.415594969999994,1.8054281248127464,31.379784280000035,1.7831388887039439,47.46184738955823,15.478173199158089,33.83132530120482,17.288819385765382,49.63855421686747,14.957700717727867,34.497991967871485,17.40842350183418,31.99547095666668,1.817199347898316
6043.0,128.0,B,#7cb5bd,B29,Palatine Hills,2.0,1.0,4.51486111365e-05,"[[45.44879,-122.66683],[45.45372,-122.65553]]","[45.451,-122.662]",-1,0,0,0.0300611516429,4.51151999999e-05,29.620311012500025,1.252277077499997,30.124896215000035,0.9425190150000162,28.489088810000005,0.9177383700000039,51.682539682539684,25.62271565566727,11.291005291005291,11.833723380335542,53.32804232804233,25.988159837185012,11.328042328042327,11.72065995208862,29.411432012500022,1.037511487500005
6104.0,128.0,B,#7cb5bd,B3,Madrona Park,2.0,1.0,1.11885715372e-05,"[[45.55901,-122.69791],[45.56278,-122.69229]]","[45.561,-122.694]",-1,0,0,0.0165583799277,1.1202e-05,38.08290128000003,0.0,38.787013400000006,0.0,38.40761318000002,0.0,16.645833333333332,11.781853248628682,66.35416666666667,10.892446892482678,21.1875,10.137916144356295,64.45833333333333,8.932520951867707,38.42584262000002,0.0
6106.0,128.0,B,#7cb5bd,B4,Peninsula,2.0,1.0,5.37125785244e-05,"[[45.56641,-122.69154],[45.57687,-122.68282]]","[45.574,-122.687]",-1,0,0,0.0435752905581,5.36450999997e-05,39.02012236400002,0.8778471560465744,41.26917952400002,0.005678441299186385,40.007018672000015,0.09279684748749402,20.00896860986547,8.26141880310339,60.3542600896861,7.133893537794529,21.63677130044843,6.209199913558154,60.3542600896861,7.133893537794529,40.098773520000016,0.27002765285605745
6103.0,128.0,B,#7cb5bd,B5,Outlook Park,2.0,1.0,4.4875807188e-05,"[[45.54797,-122.69201],[45.55461,-122.68152]]","[45.551,-122.685]",-1,0,0,0.0293939808098,4.48727999995e-05,37.97736991250003,0.6472875374999987,37.89661919000001,0.17431901999999866,38.21278604000001,0.8488083000000124,32.123655913978496,13.129658602621385,45.81283422459893,21.7315228785186,32.89247311827957,13.28266909114133,46.283422459893046,21.496919143723712,38.02892504750002,0.5568049525000021
6110.0,128.0,B,#7cb5bd,B6,Peninsula,2.0,1.0,3.12995610568e-05,"[[45.57702,-122.68156],[45.58155,-122.66822]]","[45.579,-122.673]",-1,0,0,0.0353680329191,3.13095000002e-05,39.30612518750004,0.03973448249998768,41.33771082500003,0.19055461499998216,40.467539900000034,0.2700235799999966,25.125,8.788308995478026,62.88095238095238,8.298601089662732,25.7734375,7.7743718031487115,62.76190476190476,8.129339936332686,40.370458637500036,0.16677089249998645
6109.0,128.0,B,#7cb5bd,B7,Peninsula,2.0,1.0,8.11118638286e-05,"[[45.56644,-122.6816],[45.57707,-122.66844]]","[45.574,-122.678]",-1,0,0,0.0466244381075,8.10781000001e-05,38.02329955625001,0.9735736211606483,41.05999670000003,0.9549237703053588,39.979617545,1.3712437040331713,20.383522727272727,12.16846992508365,63.00284090909091,11.00116176188014,22.68465909090909,10.25997258201897,62.84659090909091,11.28425541169115,39.68763793375001,1.0753626189022238
6112.0,128.0,B,#7cb5bd,B8,Piedmont,2.0,1.0,8.97389029238e-05,"[[45.56326,-122.6749],[45.57193,-122.66196]]","[45.567,-122.669]",-1,0,0,0.0472714082691,8.97742999997e-05,36.120274196000025,0.9072011044157026,40.534988828000024,0.7870724164443591,39.40180126400002,0.8765728630129018,24.607427055702917,9.374028572729278,58.36074270557029,11.628071197180159,25.679045092838198,7.516236087543823,58.15119363395225,11.01919978161878,38.68568809600002,0.5345124641116238
6131.0,128.0,B,#7cb5bd,B9,Alberta,2.0,1.0,6.66503808357e-05,"[[45.56459,-122.65306],[45.57062,-122.63468]]","[45.568,-122.638]",-1,0,0,0.0498904501953,6.66867999998e-05,39.36978581000001,0.18542758499998513,39.26040917000002,0.246097440000014,38.30735126000002,0.15950760000000486,28.10727969348659,11.666994440154633,57.43846153846154,9.452719467192697,28.9272030651341,10.468638963862466,57.396153846153844,8.540445888613274,38.979182080000015,0.1970108749999966
6116.0,128.0,C,#ffff00,C1,"Northwest St, Johns",3.0,1.0,0.000111475237328,"[[45.58837,-122.76751],[45.60311,-122.74973]]","[45.599,-122.759]",-1,0,0,0.0613204145061,0.0001114952,36.173367440000014,1.6655330298990239,38.48622764000003,3.8508778916031665,38.12505686000002,2.196423836313471,25.646551724137932,10.458872087886576,56.21290322580645,13.346492639072945,26.34051724137931,9.201550454512768,56.333333333333336,13.027294203526417,37.59488398000002,2.5139866292864066
6128.0,128.0,C,#ffff00,C10,Halladay and West Irvington,3.0,1.0,0.000117739603053,"[[45.52637,-122.66143],[45.54812,-122.65053]]","[45.538,-122.658]",-1,0,0,0.0820564671627,0.0001177548,38.17176980000003,3.9452776506527507,39.84513473428574,3.372378584079465,38.5651676257143,3.459534020186798,16.083507306889352,15.806017438977532,73.258872651357,15.800815218473176,16.914405010438415,15.637429710298493,73.8455114822547,15.021388220478407,38.86069072000002,3.5848611221772364
6098.0,128.0,C,#ffff00,C11,,3.0,1.0,0.000144416892854,"[[45.52687,-122.60218],[45.53369,-122.57606]]","[45.53,-122.582]",-1,0,0,0.076871527324,0.0001444275,41.51516303000001,0.9417255071714357,41.92456587000001,0.9255471966179724,40.84238276000001,0.9513679267119312,19.375,11.476843103901828,62.89291598023064,11.715465182654441,20.236842105263158,10.328318787444026,62.906095551894566,11.72499600056542,41.427370553333354,0.9192734763770951
6117.0,128.0,C,#ffff00,C12,Park Rose,3.0,1.0,6.08104908318e-05,"[[45.55259,-122.579],[45.56305,-122.56772]]","[45.56,-122.571]",-1,0,0,0.0387293845246,6.083605e-05,42.03498690500002,0.28156944650694116,41.085631850000006,0.3601188629144814,40.84124342000004,0.5349416666111773,21.37837837837838,11.481211598266349,61.18846153846154,12.486880096974303,22.305019305019304,10.946853618743901,60.94230769230769,12.65703431896585,41.320620725000026,0.3922099920108655
6092.0,128.0,C,#ffff00,C13,Eastern Rose City Park,3.0,1.0,6.02160355704e-05,"[[45.54459,-122.5797],[45.55283,-122.56819]]","[45.547,-122.576]",-1,0,0,0.0425268542659,6.02060000002e-05,37.756053117500024,4.8466556585069505,38.10340940000002,3.9396079837429157,37.15661786000002,4.353261692875906,25.649789029535864,16.30561660492739,53.33613445378151,16.109278766241424,26.717299578059073,14.777400220088897,53.390756302521005,16.075799921791933,37.67202679250002,4.349930366402857
6090.0,128.0,C,#ffff00,C14,Pruneville,3.0,1.0,0.000126676739506,"[[45.51719,-122.56884],[45.53981,-122.55791]]","[45.524,-122.566]",-1,0,0,0.0658386008518,0.000126661,42.000928777142875,1.4998733410218037,42.07954323714288,1.7093151182422297,41.60346188000001,1.5159718883720403,11.1203007518797,13.249365196304199,64.81203007518798,16.80500747783001,12.296992481203008,13.534491943099978,64.31015037593986,17.141046084753484,41.89464463142859,1.5535337862923237
6118.0,128.0,C,#ffff00,C15,Rose Park,3.0,1.0,0.000111546332695,"[[45.55349,-122.57619],[45.56103,-122.54751]]","[45.557,-122.555]",-1,0,0,0.0694300163568,0.00011154825,41.37573629750002,1.126032346384204,41.88886655000002,1.1998045439455716,40.954797640000024,1.4154474477054322,19.223684210526315,14.929305941679841,64.08552631578948,16.175277897886915,20.93640350877193,13.96385965766396,64.01315789473684,15.559162772079084,41.40646682916668,1.2233162054131277
6134.0,128.0,C,#ffff00,C16,Ladds Addition,3.0,1.0,9.82037815401e-05,"[[45.50515,-122.65356],[45.51199,-122.6295]]","[45.509,-122.648]",-1,0,0,0.09439824144,9.82383999994e-05,37.77698849000002,1.236538859112946,39.499670570000006,1.2232960592609103,38.577659675000014,1.3384179036473116,28.383863080684595,11.226576647331854,57.312958435207825,13.634769781458813,29.371638141809292,9.27513580818398,58.54278728606357,12.243805002334563,38.618106245000014,1.254885319084444
6048.0,128.0,C,#ffff00,C17,,3.0,1.0,9.69159242855e-05,"[[45.4844,-122.66017],[45.50079,-122.6462]]","[45.495,-122.653]",-1,0,0,0.0519326864089,9.69107000002e-05,38.62307051214287,2.134424740008287,40.85222991285717,2.045198124085598,40.372160865714314,1.781757778587348,24.509708737864077,14.96281484449053,67.12864077669903,12.67232498330946,25.699029126213592,13.587426334564242,67.64320388349515,11.422230812123427,39.94915376357145,1.921299638596262
6047.0,128.0,C,#ffff00,C18,Westmoreland District,3.0,1.0,7.29706613173e-05,"[[45.47352,-122.65727],[45.48449,-122.6418]]","[45.479,-122.651]",-1,0,0,0.0505091414387,7.29640000002e-05,34.967803302500016,5.836582840614364,37.720591160000026,4.7848826759658,36.99369224000002,4.891034015592821,30.838815789473685,20.59997301142236,49.491749174917494,28.766026061245036,33.02302631578947,18.867686698896836,49.66996699669967,28.719825416358393,36.56069556750002,5.1390641622652335
6045.0,128.0,C,#ffff00,C19,Sellwod,3.0,1.0,0.000221765564731,"[[45.45835,-122.66177],[45.47021,-122.63815]]","[45.464,-122.654]",-1,0,0,0.0690684980003,0.0002218184,39.31950147730772,1.62486663789795,39.62074735538464,1.561870421722929,38.71418328153848,1.5623368356574845,24.96078431372549,13.566931965549054,61.98257080610022,14.1619838909126,25.473856209150327,12.231912641634192,62.372549019607845,13.748463500417955,39.21814403807695,1.5362207865096968
6115.0,128.0,C,#ffff00,C2,St. Johns,3.0,1.0,0.000256840536954,"[[45.58178,-122.75662],[45.59719,-122.72789]]","[45.591,-122.737]",-1,0,0,0.115502755413,0.00025686685,37.63626219781252,2.8172208688848936,39.387089536250016,3.089505036934344,38.29688357375002,2.8757674053001328,22.585296889726674,11.676181101679095,58.316086547507055,14.873053124292975,23.897266729500473,10.48268632577704,58.07431796801505,15.113528634007233,38.44007843593752,2.913818508170842
6052.0,128.0,C,#ffff00,C20,,3.0,1.0,0.000174513483222,"[[45.48071,-122.64281],[45.49772,-122.61951]]","[45.493,-122.636]",-1,0,0,0.0857483989178,0.000174518,38.51921153300002,2.2613053692449494,41.01094811300002,1.3885760517534576,39.68902887800002,1.4229492764323015,28.74488403819918,14.543311299966254,61.919398907103826,13.3341996577599,29.16643929058663,13.327632078376622,62.43715846994535,12.729323172440834,39.73972950800002,1.5812199472048776
6083.0,128.0,C,#ffff00,C21,Sunnnyside,3.0,1.0,0.000121784785265,"[[45.51251,-122.63493],[45.53383,-122.62296]]","[45.519,-122.633]",-1,0,0,0.0994485527192,0.000121853449999,38.57560886300003,0.9524570626635802,40.56609281000002,0.9928977464407848,39.36967187600003,0.9397386827594694,27.015841584158416,13.958770497314102,65.2603550295858,13.076895409932623,27.443564356435644,13.279973874494047,66.23471400394477,12.140293403868498,39.50379118300002,0.9183228492194929
6079.0,128.0,C,#ffff00,C22,Richmond,3.0,1.0,0.000176251145761,"[[45.49795,-122.62296],[45.51935,-122.61213]]","[45.509,-122.62]",-1,0,0,0.11722616344,0.000176332999999,39.67414495454547,0.8061308141575199,41.27439977272729,1.0281203453793775,39.75855969090912,0.7245513634784863,28.011857707509883,10.268137221690615,63.04881266490765,10.421157310894737,28.281949934123848,8.651780773849868,63.4934036939314,9.473157956048775,40.23570147272729,0.7817185425216827
6053.0,128.0,C,#ffff00,C23,Woodstock,3.0,1.0,0.000116076812571,"[[45.47958,-122.62035],[45.49724,-122.60854]]","[45.482,-122.618]",-1,0,0,0.0712522392462,0.0001160481,37.05273446642858,1.7194564316064467,40.33147015142858,1.8818499958910258,38.78082841142858,1.1018500628346788,25.38900203665988,11.690222611512445,59.46830265848671,11.516304676290499,25.45213849287169,10.605461573286146,59.88343558282209,10.851701197121919,38.72167767642858,1.5272032956559494
6051.0,128.0,C,#ffff00,C24,Woodstock,3.0,1.0,7.37699507898e-05,"[[45.46281,-122.62249],[45.47883,-122.60851]]","[45.475,-122.619]",-1,0,0,0.0596681933503,7.38463999997e-05,36.551628320000006,0.0,40.72844876000002,0.0,39.282626300000004,0.0,26.337579617834393,12.332988304185525,55.456869009584665,12.665980161664748,27.26751592356688,11.833172720446198,55.319488817891376,13.069982573329137,38.85423446000001,0.0
6089.0,128.0,C,#ffff00,C25,Mt. Tabor District,3.0,1.0,0.000188494941975,"[[45.51615,-122.61496],[45.52614,-122.58112]]","[45.522,-122.603]",-1,0,0,0.112115726156,0.0001884211,37.58871255500002,4.4130828248980185,38.69786004500001,3.990733511079444,37.42759089000001,4.121586946218376,30.540750323415264,14.508059336941226,57.61867704280156,13.485635873160774,31.323415265200516,12.838591272103585,57.782101167315176,13.339301177212395,37.90472116333335,4.1671255995711824
6085.0,128.0,C,#ffff00,C26,Mt. Tabor District,3.0,1.0,8.82407240186e-05,"[[45.49785,-122.61102],[45.50801,-122.59937]]","[45.502,-122.603]",-1,0,0,0.0431756132874,8.82443999999e-05,40.208909720000015,0.8279694879407015,41.82007889750001,1.226681958516078,40.50257460500002,1.2429109029382073,22.493297587131366,12.740052445375007,58.7372654155496,15.251620756024153,23.93029490616622,11.202760535366371,57.10991957104557,16.767491631032602,40.84385440750002,1.084206021590996
6086.0,128.0,C,#ffff00,C27,Mt. Tabor District,3.0,1.0,0.000213929944463,"[[45.4977,-122.59952],[45.51532,-122.57887]]","[45.502,-122.589]",-1,0,0,0.077786713775,0.000213925,40.51524976250001,2.067957151533701,40.63970231214288,3.1324366763061438,39.83520620000002,2.1430300937076203,24.099219620958753,12.519691043632859,56.8125,14.191236134872616,24.764771460423635,11.257964690984073,57.18080357142857,14.046189343325779,40.33005275821431,2.434976673891641
6057.0,128.0,C,#ffff00,C28,Mt. Scott District,3.0,1.0,0.000201406864474,"[[45.48341,-122.60975],[45.49731,-122.57875]]","[45.493,-122.592]",-1,0,0,0.0828165807458,0.00020147475,41.641426316428586,1.396364774860746,42.99361944285716,1.3127858456703938,41.64594298571431,1.4032275648056347,19.742130750605327,8.084007607307827,61.26029055690073,10.693112757670908,20.552058111380145,6.986346204880194,61.300242130750604,10.697216262968782,42.093662915000024,1.3298365969544987
6054.0,128.0,C,#ffff00,C29,Mt. Scott,3.0,1.0,0.000282517854675,"[[45.47594,-122.61111],[45.49679,-122.57903]]","[45.481,-122.595]",-1,0,0,0.154770122047,0.00028247615,40.14248619800002,1.9348456782016041,42.45705540800001,1.321411993904908,41.00978978400001,1.3539051939554223,19.974248927038627,9.182892634663222,59.823175965665236,9.838157048921849,21.142489270386267,7.369718041969124,59.8480686695279,9.771646298206804,41.203110463333346,1.5153633615752768
6114.0,128.0,C,#ffff00,C3,Portsmouth,3.0,1.0,0.000326948017217,"[[45.57191,-122.74128],[45.59127,-122.68878]]","[45.58,-122.729]",-1,0,0,0.180602273722,0.00032698065,38.32040619750002,1.465283417331871,39.82343302000002,1.3663759363011903,38.66909171000001,1.1783454844022692,22.567251461988302,11.282516777882478,55.68836869056328,13.645132657983659,23.680555555555557,9.646659679195272,55.85149963423555,13.43119926508527,38.93764364250002,1.2817856117145263
6088.0,128.0,C,#ffff00,C30,Montavilla,3.0,1.0,0.000184098314379,"[[45.50888,-122.59385],[45.52305,-122.56875]]","[45.515,-122.582]",-1,0,0,0.107961380664,0.00018420995,41.03626775346155,1.9801894169652479,41.197637736153865,2.747634269911426,40.17770933230771,1.906996015498697,24.447860962566846,12.879893887276925,61.452127659574465,11.83532153760922,25.47994652406417,11.407187620483192,61.648936170212764,11.46150582993102,40.803871607307705,2.1865494286110727
6087.0,128.0,C,#ffff00,C31,Kelly Butte,3.0,1.0,0.000120648955741,"[[45.4945,-122.57902],[45.50468,-122.56485]]","[45.5,-122.574]",-1,0,0,0.047490139206,0.0001207188,41.56688906600002,1.3502859133518623,41.33309649800001,1.5980873465122152,40.698825920000026,1.3240834797844159,17.271084337349397,14.326542027116474,60.98795180722892,16.14380205530563,18.93975903614458,12.789945911058414,60.5722891566265,16.437779581531288,41.19960382800002,1.4210391837897653
6056.0,128.0,C,#ffff00,C32,Lents,3.0,1.0,0.000465299538534,"[[45.46829,-122.57919],[45.49229,-122.55804]]","[45.487,-122.563]",-1,0,0,0.144991376118,0.00046527645,41.58697705437502,1.3928330907265938,42.03455965250001,1.7911429881946084,41.085157125000016,1.4408607545861571,16.75525910723448,13.826422652401,58.46153846153846,18.38581693316353,17.87480759363776,13.158727340030264,58.378461538461536,18.251079285045954,41.56889794395835,1.5108644223297
6077.0,128.0,C,#ffff00,C33,Northern Goldsmith Addition,3.0,1.0,9.02304428978e-05,"[[45.52313,-122.71871],[45.53832,-122.69246]]","[45.528,-122.695]",-1,0,0,0.0780711093081,9.02766499998e-05,39.91011780500002,1.3795453872211074,40.74553886000002,1.6548209486643075,39.617022590000026,1.3706354513287302,22.29023746701847,17.424399375908358,68.61904761904762,17.642476914695486,24.87335092348285,16.62863988716171,69.01322751322752,17.34133925782885,40.090893085000026,1.4198486421855205
6066.0,128.0,C,#ffff00,C34,Park Ave.,3.0,1.0,0.000108550911613,"[[45.50503,-122.69828],[45.52353,-122.68117]]","[45.511,-122.687]",-1,0,0,0.0912641730237,0.00010856835,35.59135459000002,1.7060452287697487,37.055406490000024,1.4609670629065212,36.32565922000002,1.9965513202309875,25.04474272930649,21.953128080983713,64.34821428571429,21.881462237893686,26.75391498881432,21.03395202801201,65.12053571428571,21.19801893705795,36.32414010000002,1.6802421535160497
6061.0,128.0,C,#ffff00,C35,Sam Jackson Park,3.0,1.0,5.83063964291e-05,"[[45.4942,-122.69731],[45.50362,-122.68911]]","[45.498,-122.693]",-1,0,0,0.033863188271,5.83503500001e-05,27.88267509500001,0.0,27.31272026000005,0.0,28.208241500000003,0.0,57.81742738589212,21.12440593630362,18.327800829875518,25.005153305751772,59.68879668049792,19.22002540477824,18.406639004149376,25.01668732506973,27.80121228500002,0.0
6070.0,128.0,C,#ffff00,C36,,3.0,1.0,6.13208200522e-05,"[[45.48407,-122.68614],[45.49571,-122.67592]]","[45.492,-122.681]",-1,0,0,0.0431859836665,6.13533500002e-05,32.92724536250003,5.737812562246718,33.652720107500016,6.258734986430513,33.491645915000014,5.705050902421157,45.348837209302324,21.239918233244083,36.5945945945946,24.767212136944657,47.91860465116279,19.21595859486766,36.61389961389961,24.68968724430471,33.35720379500002,5.893900620082586
6105.0,128.0,C,#ffff00,C4,Madrona Park and Lower Kenton,3.0,1.0,0.000148282950751,"[[45.56274,-122.69955],[45.57679,-122.67478]]","[45.567,-122.691]",-1,0,0,0.0942135835563,0.000148428600001,38.81798920625002,0.7249006646607585,40.04612651750003,1.0910887052474343,38.806524597500015,0.9193655679186234,21.560897435897434,10.073582318771725,58.030448717948715,11.950647812231166,23.11698717948718,7.932655238193624,57.87660256410256,11.894130905446218,39.22354677375003,0.8797922757342916
6111.0,128.0,C,#ffff00,C5,East Kenton and Upper Piedmont,3.0,1.0,0.000141044731306,"[[45.57,-122.68153],[45.58442,-122.66214]]","[45.573,-122.666]",-1,0,0,0.080853225606,0.00014099315,39.21358229600002,2.886325981730941,41.760861701000024,1.8452142981408528,40.66236704000002,1.777008184433814,20.753424657534246,14.108950643889884,63.38054607508533,17.27750506501931,21.789383561643834,13.641263334949166,63.160409556313994,17.05206449631627,40.545603679000024,2.101256998525092
6102.0,128.0,C,#ffff00,C6,Lower Piedmont and Outlook,3.0,1.0,0.000191657148493,"[[45.54762,-122.69237],[45.5625,-122.66213]]","[45.559,-122.666]",-1,0,0,0.0998653277352,0.00019170345,38.77334132000001,0.9267745250806336,40.77316785500002,0.788809739720448,39.43036072000002,0.6754273856188194,20.324254215304798,12.415051764141838,62.41450777202073,14.533031766375467,21.974059662775616,11.299339488819683,62.369170984455955,14.449742555993685,39.65895663166668,0.5509886958971855
6132.0,128.0,C,#ffff00,C7,Woodlawn,3.0,1.0,0.000159874285682,"[[45.5684,-122.66086],[45.57859,-122.63573]]","[45.572,-122.657]",-1,0,0,0.0685564666583,0.0001598446,39.115997825000015,1.2645314487153665,40.29420485545456,0.993761549256694,38.72797487272729,1.0094908736361314,26.461997019374067,10.787942496808515,58.06259314456036,11.782515721743271,27.214605067064085,9.243928757989003,58.18479880774963,11.621905222264084,39.37939251772729,1.0056471737572246
6133.0,128.0,C,#ffff00,C8,Alberta District,3.0,1.0,8.86333675204e-05,"[[45.5628,-122.66086],[45.56844,-122.63483]]","[45.566,-122.658]",-1,0,0,0.0818848223816,8.85510500007e-05,39.042225560000006,0.7645677087530515,41.217225620000015,0.4417077327533966,39.94040526000003,0.31490930733914096,25.0425,9.49345531142376,60.72069825436409,9.336427225009693,25.985,8.257407280738912,60.8354114713217,9.183789409767664,40.06661881333335,0.15674884350966953
6129.0,128.0,C,#ffff00,C9,,3.0,1.0,0.000155723757822,"[[45.5481,-122.66091],[45.56834,-122.62554]]","[45.56,-122.63]",-1,0,0,0.116508792078,0.00015572295,39.95272912100002,1.4597337517788045,40.72964506700002,0.7707082020268081,39.414447938000016,0.6351225358561857,28.486404833836858,9.423357369539541,59.574660633484164,9.064046813841102,28.835347432024168,8.02743152592784,59.69230769230769,8.643189349166,40.03227404200002,0.8823955267935888
6101.0,128.0,D,#d9838d,D1,Albina,4.0,1.0,0.000145938122004,"[[45.54764,-122.67932],[45.55688,-122.66217]]","[45.552,-122.675]",-1,0,0,0.0516535379949,0.0001459251,39.34329615500002,0.6185363690960497,40.44171486000001,0.3293094476455658,39.411751500000015,0.3697984770413435,22.473083197389887,12.762660021334037,62.74346405228758,11.613233651463274,23.34094616639478,11.097796193144537,62.85457516339869,11.077272940570978,39.73225417166668,0.30741895912756084
6100.0,128.0,D,#d9838d,D2,Lower Albina,4.0,1.0,0.000208011898976,"[[45.52859,-122.67625],[45.54832,-122.66224]]","[45.542,-122.669]",-1,0,0,0.0619144186464,0.0002080797,39.43860194600002,1.333459761410803,40.99721906600003,1.168812495196115,40.14746131600001,1.2679113143480283,13.61361014994233,14.475989722006526,73.51612903225806,15.385101649243149,15.25836216839677,13.958255728033503,73.5426267281106,15.066038303117068,40.19442744266669,1.219407790332513
6130.0,128.0,D,#d9838d,D3,Alberta District,4.0,1.0,0.000207945408474,"[[45.54944,-122.66091],[45.5628,-122.63385]]","[45.555,-122.657]",-1,0,0,0.130132279376,0.00020803795,39.27237224000002,1.602752303381413,41.176077917692325,0.8791757250461621,39.92959613692309,0.8082969036861477,24.92848484848485,9.677514118951091,62.12348668280872,8.841173513856795,25.953939393939393,8.291963959120734,62.26997578692494,8.496174569997306,40.12601543153848,1.0471121691393077
6082.0,128.0,D,#d9838d,D4,Central East Side and Sunnyside,4.0,1.0,0.000285698573008,"[[45.51257,-122.66002],[45.53098,-122.6349]]","[45.523,-122.639]",-1,0,0,0.187936934202,0.00028564335,38.676942474687515,1.7479750713317954,40.70484305937501,1.8965631366807736,39.331333085000026,2.1218344138493825,20.23476112026359,16.99341119241421,70.7504118616145,14.902632220922698,22.163920922570018,16.406250560182837,71.48682042833607,13.754534646198945,39.571039539687526,1.8914907459175403
6080.0,128.0,D,#d9838d,D5,Richmond,4.0,1.0,0.000212777650065,"[[45.49677,-122.65178],[45.51167,-122.62265]]","[45.503,-122.626]",-1,0,0,0.0843502233939,0.000212926750001,39.721500068000026,1.1902321916852054,41.238873080000026,1.5424519404959598,40.101811760000025,1.3238148303406028,28.2975495915986,11.86697587913276,62.37339556592765,11.711153836240179,28.814469078179698,10.490952960988528,63.17269544924154,10.39794214188054,40.35406163600002,1.3330065905789674
6078.0,128.0,D,#d9838d,D6,Northwest Side,4.0,1.0,0.000115742023162,"[[45.523,-122.70799],[45.54102,-122.69032]]","[45.536,-122.697]",-1,0,0,0.0674773208825,0.00011574335,42.11787389000002,2.3805514503712812,43.551733280000015,2.1004604305519905,42.668365000000016,2.6600440516104014,8.405679513184584,13.324234360473614,82.53549695740365,10.500519527690551,9.466531440162273,13.885996110077688,82.68559837728195,10.21535531818806,42.77932405666669,2.3507430131966123
6068.0,128.0,D,#d9838d,D7,Central West Side,4.0,1.0,4.33237566557e-05,"[[45.51298,-122.69296],[45.5219,-122.68393]]","[45.518,-122.689]",-1,0,0,0.0300451808959,4.331455e-05,37.85076075500002,1.68861104400157,39.72696890000001,1.6773321534404908,39.388964700000024,2.178974238395142,9.966666666666667,14.142881994526828,81.95555555555555,9.565459983260503,10.938888888888888,14.049184985807257,82.16666666666667,9.778377506860055,38.988898118333346,1.8483058119457343
6069.0,128.0,D,#d9838d,D8,Southwest River District,4.0,1.0,0.000155213256626,"[[45.4895,-122.68435],[45.51773,-122.67326]]","[45.501,-122.678]",-1,0,0,0.0758902885718,0.00015513295,36.354427555000015,2.6142352368586277,38.97234604000002,2.148395906981028,39.17362944000001,1.5596052157083298,20.413793103448278,18.92373568122168,68.31240188383046,16.81811612121723,24.253918495297807,17.562377196605954,69.69701726844583,15.842361407478522,38.166801011666685,1.894232193318202
6059.0,128.0,D,#d9838d,D9,South Portland,4.0,1.0,6.35172949789e-05,"[[45.47298,-122.68171],[45.48411,-122.67339]]","[45.481,-122.677]",-1,0,0,0.0359177418578,6.35493499999e-05,39.16328043500002,0.46795694631572105,39.33788429000001,0.556364932505387,39.172869880000015,0.41606385332875395,32.89179104477612,17.946631282892586,48.43071161048689,24.74707020564805,34.61194029850746,16.893834629060617,48.36704119850187,24.677699979216467,39.22467820166668,0.3642370068538331
