area_id,city_id,grade,fill,label,name,category_i,area,Shape_Leng,Shape_Area,temp2021_mean,temp2017_mean,temp2013_mean,tree2021_mean,averagetemp_mean,tree2013_mean,imperv2021_mean,imperv2013_mean,pop_density_2021,pop_density_2013,house_density_2021,house_density_2013,building_density_2021,white_percent_2021,white_percent_2013,black_percent_2021,black_percent_2013,nonwhite_percent_2021,nonwhite_percent_2013,hispanic_percent_2021,hispanic_percent_2013,holc_area,building_area_2021
6040,128,A,#76a865,A16,Dunthorp,1,0.000286605,0.070035195,0.000286579,29.35152172,30.80185407,29.61557959,59.09555742,29.92298512,61.36881811,13.08717519,13.12070411,282.46,635.13,1299,279.65,6.565030798,76.73,90.84,0.18,0.19,23.27,9.16,7.38,3.6,2492386.949,163625.9708
6041,128,A,#76a865,A14,Palatine Hills,1,0.0001567,0.06568801,0.000156707,30.10220436,30.79321407,29.92180886,56.24111283,30.2724091,57.98145286,19.35085008,19.11591963,165.86,486.59,609,148.25,8.58714715,76.32,85.67,1.38,0,23.81,14.33,15.04,4.07,1362561.276,117005.1418
6042,128,A,#76a865,A15,Riverview and Abernathy Heights,1,0.000138494,0.051408143,0.000138509,30.68363567,30.75402552,29.94630467,48.22996516,30.46132195,49.73867596,15.61149826,15.56445993,167.72,508.15,557,164.4,6.295912294,77.9,85.62,2.1,0,22.1,14.38,11.75,4.58,1204385.281,75827.04098
6043,128,B,#7cb5bd,B29,Palatine Hills,2,4.51E-05,0.030061152,4.51E-05,29.62031101,30.12489622,28.48908881,51.72486772,29.41143201,53.31216931,11.29100529,11.32804233,170.82,535.4,191,181.02,4.853331322,80.25,84.76,3.36,0,19.75,14.76,6.72,5.71,392233.3994,19036.38643
6044,128,B,#7cb5bd,B15,Garthwick,2,5.53E-05,0.043258771,5.52E-05,35.26930115,35.0841584,34.21408242,40.21777778,34.85584732,43.00888889,33.00440529,32.62995595,279,624.62,168,306.07,10.91500318,81.55,85.67,0.97,3.33,17.96,14.33,4.85,2.67,480291.1176,52423.79075
6045,128,C,#ffff00,C19,Sellwod,3,0.000221766,0.069068498,0.000221818,39.31950148,39.62074736,38.71418328,24.94662309,39.21814404,25.45969499,61.98257081,62.37254902,1565.82,3007.69,5231,1428.38,20.68239584,86.04,87.29,0.94,0.81,13.96,12.71,7.71,5.85,1928065.351,398770.1078
6046,128,B,#7cb5bd,B14,Westmoreland,2,0.00010642,0.066879331,0.000106378,39.02456579,40.46127353,39.307312,29.88814318,39.59771711,30.27516779,58.12080537,58.33333333,1471.1,2962.75,2568,1371.58,21.2165528,90.11,82.37,0,0.4,9.86,17.63,6.56,10.19,924483.8591,196143.6061
6047,128,C,#ffff00,C18,Westmoreland District,3,7.30E-05,0.050509141,7.30E-05,34.9678033,37.72059116,36.99369224,30.90429043,36.56069557,33.06270627,49.49174917,49.669967,581.98,968.4,592,507.86,16.1691241,86.17,82.08,0,0.49,13.83,17.92,10.92,12.38,634040.1759,102518.7429
6048,128,C,#ffff00,C17,,3,9.69E-05,0.051932686,9.69E-05,38.62307051,40.85222991,40.37216087,24.41990291,39.94915376,25.64563107,67.12864078,67.64320388,1396.83,2867.3,2058,1440.78,21.01224845,76.11,85.87,1.92,1.86,23.89,14.13,4.25,5.51,841910.9435,176904.4192
6049,128,A,#76a865,A13,Eastmoreland,1,0.000116058,0.045364621,0.000116045,32.71669126,34.46932171,33.28155976,43.69008264,33.48919091,46.32024793,33.65082645,34.39256198,971.73,2101.11,2395,880.5,17.0912237,92.29,92.21,0.08,0.05,7.71,7.79,3.35,2.93,1008517.744,172368.0238
6050,128,B,#7cb5bd,B16,Berkeley,2,6.44E-05,0.04247599,6.43E-05,36.54462138,39.23682483,36.997566,38.26785714,37.59300407,40.16785714,45.125,45.64285714,919.74,2510.5,1325,898.27,18.4180554,88.57,90.09,0.2,0.07,11.43,9.91,8.56,2.35,558855.3873,102930.2949
6051,128,C,#ffff00,C24,Woodstock,3,7.38E-05,0.059668193,7.38E-05,36.55162832,40.72844876,39.2826263,26.19808307,38.85423446,27.13099042,55.45686901,55.31948882,1019.06,2687.88,1543,1106.32,19.07758159,86.98,83.42,0.06,0,13.02,16.58,3.21,2.72,641773.5694,122434.8763
6052,128,C,#ffff00,C20,,3,0.000174513,0.085748399,0.000174518,38.51921153,41.01094811,39.68902888,28.77868852,39.73972951,29.20491803,61.91939891,62.43715847,1954.22,3996.15,4955,1897.5,22.50429306,71.6,79.24,9.13,6.01,28.4,20.76,8.32,5.58,1516212.918,341212.9985
6053,128,C,#ffff00,C23,Woodstock,3,0.000116077,0.071252239,0.000116048,37.05273447,40.33147015,38.78082841,25.38854806,38.72167768,25.39059305,59.46830266,59.88343558,1403.38,2880.15,2854,1310.15,20.66345934,87.33,78.82,0.8,1.27,12.67,21.18,6.36,6.16,1008282.689,208346.0834
6054,128,C,#ffff00,C29,Mt. Scott,3,0.000282518,0.154770122,0.000282476,40.1424862,42.45705541,41.00978978,19.98025751,41.20311046,21.1639485,59.82317597,59.84806867,1555.16,3406.93,6890,1474.08,21.50774597,78.56,76.05,3.12,3.77,21.44,23.95,9.1,5.54,2454404.889,527887.1686
6055,128,C,#ffff00,,,3,0.001039101,0.298889205,0.001038968,40.60004107,41.27491691,39.77744166,21.49295775,40.55079988,22.21311475,52.31678596,52.20526437,1108.79,2739.16,17803,1078.98,17.41526822,72.89,64.47,4.17,6.7,27.11,35.53,12.45,14,9024356.843,1571615.949
6056,128,C,#ffff00,C32,Lents,3,0.0004653,0.144991376,0.000465276,41.58697705,42.03455965,41.08515713,16.78564103,41.56889794,17.90051282,58.46153846,58.37846154,1059.34,2664.55,7204,987.61,15.59619019,65.72,57.84,4.77,5.39,34.28,42.15,14.07,14.8,4043111.039,630571.2872
6057,128,C,#ffff00,C28,Mt. Scott District,3,0.000201407,0.082816581,0.000201475,41.64142632,42.99361944,41.64594299,19.74697337,42.09366292,20.55811138,61.26029056,61.30024213,1506.51,3198.12,4902,1395.11,22.49268575,71.64,73.87,2.29,1.36,28.36,26.13,6.96,9.38,1750416.634,393715.7127
6058,128,B,#7cb5bd,,,2,0.000423278,0.298086739,0.000423384,35.1427632,36.26558277,35.33543034,39.74048836,35.58125877,41.34809767,42.91141397,43.06076093,986.08,1855.84,6279,862.96,15.85473122,83.02,83.13,2.57,1.13,16.98,16.87,11.08,7.76,3679206.304,583328.2704
6059,128,D,#d9838d,D9,South Portland,4,6.35E-05,0.035917742,6.35E-05,39.16328044,39.33788429,39.17286988,32.92509363,39.2246782,34.65168539,48.43071161,48.3670412,1387.11,2372.22,1178,1312.87,15.25791052,82.38,83.66,1.05,1.68,17.62,16.34,10.98,9.31,552227.984,84258.45168
6060,128,A,#76a865,A12,Tervilliger Heights,1,4.74E-05,0.029343679,4.74E-05,32.35600877,33.32501744,33.44464814,53.3,33.04189145,54.38095238,25.56190476,26.52857143,354.51,820.72,287,344.8,12.68771177,90.54,86.39,0,3.25,9.46,13.61,2.52,3.25,411833.7241,52252.27586
6061,128,C,#ffff00,C35,Sam Jackson Park,3,5.83E-05,0.033863188,5.84E-05,27.8826751,27.31272026,28.2082415,57.85892116,27.80121229,59.73029046,18.32780083,18.406639,881.87,1649.32,598,875.95,7.737175485,78.27,65.19,3.14,1.32,21.73,34.81,1.83,4.9,506878.0039,39218.04066
6064,128,A,#76a865,A10,South Portland Heights,1,8.39E-05,0.062677392,8.39E-05,29.91767875,31.25284282,30.54179971,55.26210826,30.57077376,57.49002849,26.66096866,26.9031339,570.93,1369.69,766,579.17,13.57991486,84.55,88.88,0.55,0.3,15.45,11.22,7.28,5.01,728637.2373,98948.31649
6065,128,B,#7cb5bd,B28,Portland Heights,2,6.13E-05,0.051516682,6.13E-05,31.19103362,33.41559497,31.37978428,47.46184739,31.99547096,49.63855422,33.8313253,34.49799197,1252.81,2206.97,1029,1149.5,15.74051671,79.64,86.04,0.46,2.21,20.36,13.96,8.67,4.68,532405.612,83803.39431
6066,128,C,#ffff00,C34,Park Ave.,3,0.000108551,0.091264173,0.000108568,35.59135459,37.05540649,36.32565922,25.04241071,36.3241401,26.74776786,64.34821429,65.12053571,4703.79,6427.28,5340,4406.82,21.80809282,72.13,74.5,2.88,3.5,27.87,25.5,8.71,7.36,942860.8374,205619.9666
6068,128,D,#d9838d,D7,Central West Side,4,4.33E-05,0.030045181,4.33E-05,37.85076076,39.7269689,39.3889647,9.966666667,38.98889812,10.93888889,81.95555556,82.16666667,7656.81,5989.86,2382,4934.39,26.32940849,67.54,75.14,6.15,4.44,32.46,24.81,8.68,4.39,376136.959,99034.6364
6069,128,D,#d9838d,D8,Southwest River District,4,0.000155213,0.075890289,0.000155133,36.35442756,38.97234604,39.17362944,20.5588697,38.16680101,24.45054945,68.31240188,69.69701727,2744.38,3514.71,4558,2267.2,22.66093937,74.42,78.15,3.44,1.44,25.57,21.85,8.02,6.59,1347483.832,305352.4941
6070,128,C,#ffff00,C36,,3,6.13E-05,0.043185984,6.14E-05,32.92724536,33.65272011,33.49164592,45.37065637,33.3572038,47.93050193,36.59459459,36.61389961,1176.29,1859.17,941,1020.58,11.06783788,77.07,76.29,3.03,2.83,22.93,23.71,13.27,4.14,533034.9213,58995.44094
6071,128,B,#7cb5bd,B27,Washington Park,2,1.50E-05,0.015371307,1.50E-05,33.31134536,35.04940853,32.87725682,29.24285714,33.74600357,29.05714286,62.44285714,62.82857143,4058.06,5359.7,608,4058.06,27.88180914,80,74.14,2.89,3.14,19.87,25.86,5,12.71,130604.8018,36414.98156
6072,128,A,#76a865,A5,Westover Terrace,1,6.11E-05,0.057838593,6.12E-05,33.7584651,34.60634769,34.09635062,43.228,34.15372114,45.088,38.212,38.032,956.76,1806.17,804,981.25,15.97863146,86.17,82.06,0.86,0.94,13.72,17.94,3.75,3.55,530959.8387,84840.11581
6073,128,A,#76a865,A6,Kings Heights,1,3.01E-05,0.034398596,3.01E-05,34.35555047,35.0613716,34.13394884,46.2195122,34.51695697,46.69918699,29.7398374,29.94308943,856.41,1644,367,875.52,14.19354027,87.17,82.09,0,0.93,12.83,17.91,3.56,2.56,261558.8096,37124.45498
6074,128,A,#76a865,A7,Arlington Heights,1,5.71E-05,0.045984452,5.71E-05,27.80769228,28.41075919,28.01255986,60.93073593,28.07700377,62.01298701,17.75757576,18.00865801,350.99,560.78,287,318.72,8.557698909,84.91,85.61,0.3,1.08,15.09,14.39,8.28,6.83,495737.706,42423.74026
6075,128,A,#76a865,A8,The Highlands,1,3.77E-05,0.028749924,3.77E-05,27.76560791,29.48401747,28.44579389,57.55,28.56513976,59.30625,22.3375,22.90625,226.28,550.4,130,241.57,7.232117187,80.75,83.33,0,6.67,19.25,16.11,6.21,2.78,327033.4715,23651.4439
6076,128,B,#7cb5bd,B26,Willamette Heights,2,7.78E-05,0.096197757,7.78E-05,32.66106706,34.15706117,33.1586738,39.46202532,33.32560067,41.22468354,38.72151899,38.67405063,2300.01,3462.61,2019,2077.86,16.91388463,80.57,80.58,5.43,1.71,19.43,19.42,4.91,9.37,675215.9601,114205.2485
6077,128,C,#ffff00,C33,Northern Goldsmith Addition,3,9.02E-05,0.078071109,9.03E-05,39.91011781,40.74553886,39.61702259,22.25396825,40.09089309,24.79365079,68.61904762,69.01322751,4250,6296.53,3846,4190.03,30.43078989,82.11,78.8,2.84,1.01,17.89,21.2,7.07,10.03,783769.2815,238507.1832
6078,128,D,#d9838d,D6,Northwest Side,4,0.000115742,0.067477321,0.000115743,42.11787389,43.55173328,42.668365,8.397565923,42.77932406,9.45841785,82.53549696,82.68559838,3772.85,3591.72,4314,2549.73,32.14376995,79.36,76.25,1.88,4.29,20.64,23.75,9.69,7.98,1004815.753,322985.6641
6079,128,C,#ffff00,C22,Richmond,3,0.000176251,0.117226163,0.000176333,39.67414495,41.27439977,39.75855969,28.02902375,40.23570147,28.2994723,63.04881266,63.49340369,1927.52,3578.19,5360,1676.14,23.58111658,82.18,85.58,1.98,2.46,17.83,14.42,11.62,3.03,1531505.665,361146.1364
6080,128,D,#d9838d,D5,Richmond,4,0.000212778,0.084350223,0.000212927,39.72150007,41.23887308,40.10181176,28.32555426,40.35406164,28.80980163,62.37339557,63.17269545,1729.62,2985.61,5801,1449.01,24.22882983,83.84,84.9,0.35,0.63,16.16,15.12,6.82,2.64,1849554.158,448125.3295
6081,128,B,#7cb5bd,B13,Colonial Heights,2,5.94E-05,0.033274208,5.94E-05,38.17881947,39.84104532,38.77761385,30.97975709,38.93249288,31.13360324,56.34817814,57.19838057,1745.47,3809,1754,1735.77,21.10317786,89.72,83.45,0,0.81,10.23,16.55,4.09,4.53,515621.4378,108812.5091
6082,128,D,#d9838d,D4,Central East Side and Sunnyside,4,0.000285699,0.187936934,0.000285643,38.67694247,40.70484306,39.33133309,20.24217463,39.57103954,22.17133443,70.75041186,71.48682043,2964.14,3954.75,9083,2264.64,28.10588299,79.61,89.29,1.88,1.02,20.39,10.7,12.46,4.4,2480319.04,697115.5671
6083,128,C,#ffff00,C21,Sunnnyside,3,0.000121785,0.099448553,0.000121853,38.57560886,40.56609281,39.36967188,26.88362919,39.50379118,27.39053254,65.26035503,66.234714,2351.37,4427.73,4278,2224.73,24.18291522,88.5,85.38,0.93,0.23,11.48,14.62,4.8,6,1058107.643,255881.2743
6084,128,B,#7cb5bd,B22,Mt. Tabor,2,0.000125519,0.066398751,0.000125488,38.52724388,39.80021219,38.57363129,35.05675147,38.96702912,35.85127202,55.45205479,55.87671233,1381.85,2744.43,3129,1280,20.40860479,86.44,91.04,2.04,0.6,13.56,8.96,4.53,1.64,1089849.554,222423.0883
6085,128,C,#ffff00,C26,Mt. Tabor District,3,8.82E-05,0.043175613,8.82E-05,40.20890972,41.8200789,40.50257461,22.54155496,40.84385441,23.97855228,58.73726542,57.10991957,1506.83,2635.31,2170,1309.83,19.09913978,81.06,79.11,1.05,1.78,18.94,20.89,9.41,6.63,766514.1106,146397.6014
6086,128,C,#ffff00,C27,Mt. Tabor District,3,0.00021393,0.077786714,0.000213925,40.51524976,40.63970231,39.8352062,24.06927374,40.33005276,24.74860335,56.8125,57.18080357,1344.89,2796.87,4422,1282.46,19.92412215,76.68,73.35,3.87,5.18,23.31,26.65,12.17,6.39,1858155.103,370221.0924
6087,128,C,#ffff00,C31,Kelly Butte,3,0.000120649,0.047490139,0.000120719,41.56688907,41.3330965,40.69882592,17.30923695,41.19960383,18.92369478,60.98795181,60.57228916,1131,2904.73,1297,1060.43,16.30736889,46.19,39.26,9.19,13.07,53.81,60.77,3.49,8.17,1048638.274,171005.3116
6088,128,C,#ffff00,C30,Montavilla,3,0.000184098,0.107961381,0.00018421,41.03626775,41.19763774,40.17770933,24.44488712,40.80387161,25.49535193,61.45212766,61.64893617,1237.77,2686.2,3375,1202.13,19.93808904,76.15,74.19,0.72,2.65,23.85,25.81,6.93,4.65,1599664.748,318942.5817
6089,128,C,#ffff00,C25,Mt. Tabor District,3,0.000188495,0.112115726,0.000188421,37.58871256,38.69786005,37.42759089,30.55512322,37.90472116,31.33981842,57.61867704,57.78210117,1599.51,3213.07,4474,1513.33,20.65012278,83.04,78.54,1.45,2.61,16.98,21.48,5.59,7.67,1636140.215,337864.9633
6090,128,C,#ffff00,C14,Pruneville,3,0.000126677,0.065838601,0.000126661,42.00092878,42.07954324,41.60346188,11.14097744,41.89464463,12.31766917,64.81203008,64.31015038,1049.35,2017.77,1599,874.76,13.64326676,62.19,67.33,22.79,5.36,37.85,32.67,12.17,9.82,1099735.923,150039.9056
6092,128,C,#ffff00,C13,Eastern Rose City Park,3,6.02E-05,0.042526854,6.02E-05,37.75605312,38.1034094,37.15661786,25.54201681,37.67202679,26.69747899,53.33613445,53.3907563,930.06,2082.1,921,855.42,17.3209945,86.32,58,3,9.1,13.68,42,2.16,13.42,522552.0461,90511.21117
6093,128,B,#7cb5bd,B24,Rose City Park,2,6.35E-05,0.038246807,6.35E-05,41.20981991,41.84101427,39.82874994,20.33333333,40.95986137,21,57.9469697,57.87121212,1621.16,2690.44,1335,1205.43,20.54159659,61.58,62.28,0,15.65,38.42,37.65,3.92,5.2,550844.0298,113152.1584
6094,128,B,#7cb5bd,B23,Rose City Park,2,4.67E-05,0.041376398,4.67E-05,41.53339247,41.70144512,40.49716274,24.35897436,41.24400011,24.89230769,56.96923077,56.85641026,1308.05,2949.28,1129,1241.41,19.70496713,88.62,84.6,1.1,6.69,11.3,15.4,7.14,5.02,405186.9376,79841.95289
6095,128,B,#7cb5bd,B21,Rose City Park,2,0.000227636,0.141424426,0.000227634,41.40003943,40.96710698,39.83024672,25.54692557,40.73246438,26.21467098,56.36893204,56.29126214,1432.96,3058.77,5432,1347.42,20.29526602,84.78,81.14,0.73,4.12,15.22,18.86,4,5.54,1975638.597,400961.1088
6097,128,B,#7cb5bd,B20,Rose City Park,2,0.000133782,0.08619925,0.000133872,41.28748492,41.8176578,41.00227014,24.78723404,41.36913762,25.68085106,62.20212766,62.22695035,1795.73,3061.44,3413,1547.93,21.39226354,81.48,78.39,3.68,5.09,18.52,21.59,6.23,4.72,1162209.75,248622.9725
6098,128,C,#ffff00,C11,,3,0.000144417,0.076871527,0.000144428,41.51516303,41.92456587,40.84238276,19.38385502,41.42737055,20.26523888,62.89291598,62.90609555,1689.18,3345.66,3072,1548.81,20.29075901,69.47,70.15,8.66,9.96,30.53,29.85,6.99,3.24,1253857.075,254417.1174
6099,128,B,#7cb5bd,B19,Laurelhurst,2,0.000209131,0.088951533,0.000209172,37.79027216,39.24425126,37.98036068,36.8587963,38.3382947,37.24305556,53.17013889,55.07407407,1300.54,2833.99,4700,1204.18,20.7369894,86.52,85.89,1.01,3.59,13.48,14.09,4.27,2.97,1816176.174,376620.2609
6100,128,D,#d9838d,D2,Lower Albina,4,0.000208012,0.061914419,0.00020808,39.43860195,40.99721907,40.14746132,13.53686636,40.19442744,15.13940092,73.51612903,73.54262673,1253.44,1177.59,2878,632.81,23.9133976,76.2,66.71,11.12,16.17,23.8,33.29,4.53,6.96,1806238.034,431932.8827
6101,128,D,#d9838d,D1,Albina,4,0.000145938,0.051653538,0.000145925,39.34329616,40.44171486,39.4117515,22.49019608,39.73225417,23.34150327,62.74346405,62.85457516,2580.49,3752.29,4845,1644,21.76699493,76.16,62.12,6.24,20.71,23.83,37.88,8.02,11.7,1266430.968,275663.9646
6102,128,C,#ffff00,C6,Lower Piedmont and Outlook,3,0.000191657,0.099865328,0.000191703,38.77334132,40.77316786,39.43036072,20.28497409,39.65895663,21.93782383,62.41450777,62.36917098,1642.86,3183.53,3906,1378.37,20.10736445,73.56,65.97,13.62,20.07,26.44,34.03,5.27,5.93,1663576.648,334501.4195
6103,128,B,#7cb5bd,B5,Outlook Park,2,4.49E-05,0.029393981,4.49E-05,37.97736991,37.89661919,38.21278604,32.15508021,38.02892505,32.9197861,45.81283422,46.28342246,703.58,1340.4,539,549.51,15.43429342,65.57,89.08,20.56,0,34.43,10.92,2.31,3.07,389436.1313,60106.7152
6104,128,B,#7cb5bd,B3,Madrona Park,2,1.12E-05,0.01655838,1.12E-05,38.08290128,38.7870134,38.40761318,16.64583333,38.42584262,21.1875,66.35416667,64.45833333,1172.8,3004.01,216,1172.8,17.46857648,83.08,77.74,2.69,8.22,16.92,22.26,6.92,1.03,97203.82652,16980.12477
6105,128,C,#ffff00,C4,Madrona Park and Lower Kenton,3,0.000148283,0.094213584,0.000148429,38.81798921,40.04612652,38.8065246,21.56730769,39.22354677,23.12019231,58.03044872,57.87660256,1448.98,2991.15,3131,1339.5,18.13915174,75.85,70.72,7.15,5.53,24.18,29.28,6.81,10.7,1287803.504,233596.6316
6106,128,B,#7cb5bd,B4,Peninsula,2,5.37E-05,0.043575291,5.36E-05,39.02012236,41.26917952,40.00701867,20.02242152,40.09877352,21.65022422,60.35426009,60.35426009,1422.44,2877.1,1128,1370.87,20.62635877,79.77,75.21,4.31,6.05,20.23,24.79,4.46,1.87,465400.242,95995.12365
6107,128,B,#7cb5bd,B2,Mocks Crest,2,6.74E-05,0.04057581,6.73E-05,38.23478954,39.42404688,38.76194792,24.35820896,38.80692811,25.62686567,56.95149254,57.27985075,1309.91,2551.33,1423,1089.02,19.65678733,74.97,83.09,10.43,6.17,25.03,16.91,8.06,1.41,584013.288,114798.25
6109,128,B,#7cb5bd,B7,Peninsula,2,8.11E-05,0.046624438,8.11E-05,38.02329956,41.0599967,39.97961755,20.32102273,39.68763793,22.58806818,63.00284091,62.84659091,1468.61,2851.91,1707,1266.73,17.94278777,69.14,62.06,7.17,11.17,30.86,37.94,15.63,18.99,703390.6356,126207.8889
6110,128,B,#7cb5bd,B6,Peninsula,2,3.13E-05,0.035368033,3.13E-05,39.30612519,41.33771083,40.4675399,25.16666667,40.37045864,25.82539683,62.88095238,62.76190476,821.07,1951.43,323,854.21,16.85496289,66.87,64.72,10.35,10.57,33.13,35.28,22.77,8.49,271596.6556,45777.51552
6111,128,C,#ffff00,C5,East Kenton and Upper Piedmont,3,0.000141045,0.080853226,0.000140993,39.2135823,41.7608617,40.66236704,20.7662116,40.54560368,21.79863481,63.38054608,63.16040956,1298.37,2358.81,2089,1111.95,19.26151648,67.26,57.71,16.81,21.56,32.74,42.29,12.97,9.15,1223081.304,235584.0071
6112,128,B,#7cb5bd,B8,Piedmont,2,8.97E-05,0.047271408,8.98E-05,36.1202742,40.53498883,39.40180126,24.60212202,38.6856881,25.67374005,58.36074271,58.15119363,1376.29,3394.51,1954,1251.76,19.29417896,74.38,72.31,17.05,15.77,25.62,27.65,4.57,5.26,778907.0699,150283.724
6113,128,B,#7cb5bd,B1,,2,0.000140675,0.079830096,0.00014083,38.56028474,40.91681964,39.42517039,24.06779661,39.63409159,24.71694915,58.18305085,58.30508475,1367.89,3084.5,2943,1311.4,19.4718897,76.32,69.82,8.3,7.06,23.68,30.18,8.74,8.01,1221595.532,237867.7346
6114,128,C,#ffff00,C3,Portsmouth,3,0.000326948,0.180602274,0.000326981,38.3204062,39.82343302,38.66909171,22.57059254,38.93764364,23.69422092,55.68836869,55.85149963,1102.14,2630.55,5744,945.6,17.94007749,70.09,66.24,8.71,8.44,29.91,33.78,8.48,11.51,2836305.811,508835.4605
6115,128,C,#ffff00,C2,St. Johns,3,0.000256841,0.115502755,0.000256867,37.6362622,39.38708954,38.29688357,22.57008467,38.44007844,23.88805268,58.31608655,58.07431797,1177.85,2704.47,4666,1111.41,19.07911435,78.61,64.55,2.04,2.39,21.39,35.45,15.5,18.26,2227804.639,425045.3946
6116,128,C,#ffff00,C1,"Northwest St, Johns",3,0.000111475,0.061320415,0.000111495,36.17336744,38.48622764,38.12505686,25.6172043,37.59488398,26.30967742,56.21290323,56.33333333,690.9,1248.37,1154,570.92,18.20610832,75.77,67.19,7.09,4.56,24.29,32.81,17.99,21.46,966862.1582,176027.9719
6117,128,C,#ffff00,C12,Park Rose,3,6.08E-05,0.038729385,6.08E-05,42.03498691,41.08563185,40.84124342,21.46153846,41.32062073,22.38461538,61.18846154,60.94230769,833.47,1682.09,528,740.65,17.18546766,53.88,65.32,10.92,1.58,46.12,34.68,14.8,16.89,527917.0788,90725.01883
6118,128,C,#ffff00,C15,Rose Park,3,0.000111546,0.069430016,0.000111548,41.3757363,41.88886655,40.95479764,19.22149123,41.40646683,20.93421053,64.08552632,64.01315789,942.14,2225.18,1397,995.85,18.49284771,64.47,46.66,5.45,20.19,35.53,53.34,27.41,15.92,968018.7338,179014.2302
6119,128,B,#7cb5bd,B25,Mayword Park,2,5.38E-05,0.031708435,5.38E-05,38.7357431,38.52439553,38.0483413,37.60986547,38.43615998,38.69955157,49.81165919,49.9955157,655.67,1457.04,646,574.24,12.13764619,81.57,76.91,8.96,10.59,18.43,23.09,7.2,5.44,466702.8882,56646.74532
6121,128,B,#7cb5bd,B18,Rose City Park,2,0.000110237,0.080405584,0.000110206,40.49175088,40.53846382,39.20363206,27.54625551,40.07794892,27.45814978,59.09251101,59.05947137,1414.52,3221.09,2663,1339.24,21.20613918,85.13,84.71,2.37,2.43,14.87,15.29,3.9,2.53,956514.1242,202839.7164
6122,128,B,#7cb5bd,B17,Grant HI and Hollywood,2,0.00013114,0.086286413,0.000131135,39.03471304,39.80686512,38.4655771,30.37043796,39.10238509,30.11313869,59.33576642,60.31386861,1166.68,3209.25,2746,1237.84,22.72292375,82.04,87.46,1.02,0.3,17.96,12.57,1.11,3.56,1138265.747,258647.2578
6123,128,A,#76a865,A3,Dolph Park,1,5.81E-05,0.040746007,5.81E-05,36.90767207,38.67194006,37.4065131,35.14644351,37.66204174,34.94142259,53.66108787,54.16736402,1380.96,3778.33,1666,1369.08,20.75439989,82.11,89.3,0.2,1.36,17.89,10.7,5.57,1.89,504722.2601,104752.0762
6124,128,A,#76a865,A2,The Alameda,1,0.000110173,0.08039915,0.000110173,38.45290195,39.50333273,38.2414323,34.88043478,38.73255566,35.47391304,51.30869565,51.66304348,1276.92,2867.59,2491,1209.99,17.72554627,87.22,93.87,0.77,1.06,12.78,6.09,4.73,1.31,956209.3262,169493.3266
6125,128,B,#7cb5bd,B10,Irvington and Alameda,2,9.84E-05,0.084801134,9.83E-05,36.54023492,38.83714436,37.70729886,33.125,37.69489271,33.285,55.0075,56.1525,1496.1,3146.96,2944,1324.91,20.95214429,88.38,87.15,1.56,3.13,11.62,12.85,4.08,1.94,852889.7002,178698.6806
6126,128,B,#7cb5bd,B11,Irvington,2,0.000220645,0.064025824,0.000220675,36.63136432,37.91637962,36.9762461,35.40131579,37.17466334,35.87171053,52.30372807,54.55263158,1653.35,3593.84,6126,1637.69,23.2067916,86.61,83.79,3.29,5.64,13.39,16.21,7.89,4.1,1915507.871,444527.9197
6127,128,B,#7cb5bd,B12,Lower Irvington,2,5.00E-05,0.044469767,5.00E-05,40.90981745,42.03669592,40.53333679,23.47979798,41.15995005,24.78282828,67.9040404,67.87878788,2727.93,4049.24,1736,2515.79,24.99415619,81.62,78.42,4.33,7.69,18.38,21.58,10.11,9.11,433662.4153,108390.2614
6128,128,C,#ffff00,C10,Halladay and West Irvington,3,0.00011774,0.082056467,0.000117755,38.1717698,39.84513473,38.56516763,16.24843424,38.86069072,17.00208768,73.25887265,73.84551148,1955.51,2683.33,2515,1543.67,24.21795792,75.41,75.14,12.17,12.72,24.59,24.86,8.04,6.38,1022242.449,247566.2462
6129,128,C,#ffff00,C9,,3,0.000155724,0.116508792,0.000155723,39.95272912,40.72964507,39.41444794,28.50980392,40.03227404,28.87631976,59.57466063,59.69230769,1693.85,3258.94,4377,1380.09,20.72361114,76.06,75.41,8.38,11.94,23.94,24.59,9.96,4.84,1351370.363,280052.7392
6130,128,D,#d9838d,D3,Alberta District,4,0.000207945,0.130132279,0.000208038,39.27237224,41.17607792,39.92959614,24.9503632,40.12601543,25.96004843,62.12348668,62.26997579,2006.31,4201.51,6270,1808.56,22.81660687,74.32,65.54,11.75,12.5,25.67,34.46,7.87,10.59,1805312.29,411911.008
6131,128,B,#7cb5bd,B9,Alberta,2,6.67E-05,0.04989045,6.67E-05,39.36978581,39.26040917,38.30735126,28.07692308,38.97918208,28.9,57.43846154,57.39615385,1239.2,3812.67,1290,1339.44,18.89712473,73.88,64.01,10.88,25.16,26.12,35.99,5.78,3.13,578600.6114,109338.8792
6132,128,C,#ffff00,C7,Woodlawn,3,0.000159874,0.068556467,0.000159845,39.11599783,40.29420486,38.72797487,26.45156483,39.37939252,27.22205663,58.06259314,58.18479881,1383.13,2329.25,2712,996.6,19.04655982,68.38,54.15,16.19,32.17,31.62,45.85,4.54,6.1,1386714.642,264121.4338
6133,128,C,#ffff00,C8,Alberta District,3,8.86E-05,0.081884822,8.86E-05,39.04222556,41.21722562,39.94040526,25.0074813,40.06661881,25.94763092,60.72069825,60.83541147,1360.09,3613.02,1705,1455.1,21.10512414,77.15,62.57,12.22,21.22,22.85,37.39,4.93,9.47,768337.7065,162158.6267
6134,128,C,#ffff00,C16,Ladds Addition,3,9.82E-05,0.094398241,9.82E-05,37.77698849,39.49967057,38.57765968,28.32273839,38.61810625,29.36919315,57.31295844,58.54278729,1664.26,3178.51,2594,1391.18,23.559438,87.99,86.95,0.88,0.44,12.01,13.05,3.46,3.36,853235.5344,201017.4967
6135,128,A,#76a865,A11,Council Crest,1,7.52E-05,0.057179067,7.52E-05,28.19812986,30.51113248,29.06768364,55.78980892,29.25898199,58.18471338,22.39490446,22.65605096,511.54,1268.13,599,531.45,10.74701545,85.09,87.56,0.85,0.36,14.91,12.44,9.38,4.59,652933.4366,70170.85732
